"site","backup"
"DHK_G4466","6:13:00"
"CTG_X1625","1:54:00"
"CTG_X0289","6:52:00"
"DHK_X3643","3:46:00"
"CTG_G1235","7:43:00"
"BAR_G0388","2:14:00"
"CTG_X1728","7:12:00"
"CTG_X0416","6:17:00"
"DHK_W2568","2:57:00"
"CTG_X0137","6:11:00"
"CTG_X0047","3:56:00"
"CTG_X0849","6:45:00"
"CTG_G1509","6:46:00"
"DHK_R3528","3:00:00"
"DHK_X5221","6:54:00"
"DHK_X2569","6:53:00"
"DHK_X2530","3:59:00"
"DHK_G5262","6:16:00"
"DHK_X5260","4:38:00"
"DHK_X2863","0:54:00"
"DHK_X2787","6:29:00"
"RAJ_G1109","5:13:00"
"SYL_X0186","5:01:00"
"DHK_X5228","5:22:00"
"DHK_G2444","3:41:00"
"DHK_X1928","3:53:00"
"DHK_W2184","1:05:00"
"DHK_X2103","5:58:00"
"DHK_G3807","6:41:00"
"DHK_W3833","7:19:00"
"SYL_X0524","6:27:00"
"DHK_X2566","6:29:00"
"CTG_G1848","6:27:00"
"DHK_W1791","4:45:00"
"DHK_R2422","3:36:00"
"DHK_X0873","7:18:00"
"DHK_X2730","5:00:00"
"DHK_G3585","6:40:00"
"DHK_R3963","5:01:00"
"DHK_X5258","5:29:00"
"DHK_X2785","5:01:00"
"DHK_G5556","5:02:00"
"DHK_X3210","1:17:00"
"DHK_G4118","5:58:00"
"DHK_G4619","7:12:00"
"DHK_G4714","5:26:00"
"DHK_X0675","6:33:00"
"BAR_G0429","3:41:00"
"CTG_G1258","7:43:00"
"CTG_R0788","3:01:00"
"DHK_X3221","7:55:00"
"DHK_X2737","4:45:00"
"DHK_X1604","7:26:00"
"DHK_X1625","7:20:00"
"DHK_X1165","6:49:00"
"DHK_X0114","2:00:00"
"CTG_W1346","7:41:00"
"CTG_X0808","4:51:00"
"DHK_X4883","0:06:00"
"SYL_X0048","3:50:00"
"SYL_G0369","5:58:00"
"RAJ_X0079","7:05:00"
"DHK_X2936","6:41:00"
"DHK_R3264","3:02:00"
"CTG_X1817","2:49:00"
"DHK_X4399","6:37:00"
"DHK_X5222","6:53:00"
"RAJ_X0370","3:33:00"
"CTG_X1758","7:23:00"
"DHK_X2011","5:27:00"
"DHK_X1997","7:42:00"
"RAJ_X1350","7:55:00"
"DHK_X3370","7:54:00"
"CTG_R2415","6:09:00"
"DHK_G4119","3:28:00"
"DHK_G4398","5:00:00"
"DHK_X1870","5:41:00"
"DHK_X5621","4:41:00"
"SYL_G0440","7:46:00"
"RAJ_X0239","4:32:00"
"RAJ_X1413","4:30:00"
"SYL_G0398","3:35:00"
"RAJ_W0696","4:29:00"
"RAJ_G1334","4:16:00"
"DHK_R2890","7:39:00"
"RAJ_X1268","5:10:00"
"CTG_G1370","7:14:00"
"DHK_X2693","6:11:00"
"CTG_X0678","7:55:00"
"CTG_X0012","1:33:00"
"CTG_X1378","6:35:00"
"DHK_X1719","3:53:00"
"DHK_G5501","4:57:00"
"CTG_X0059","2:18:00"
"DHK_X5648","6:39:00"
"DHK_X4402","6:10:00"
"DHK_G0966","6:21:00"
"DHK_X4896","6:18:00"
"CTG_X0525","2:38:00"
"DHK_G5028","6:30:00"
"BAR_W0407","7:15:00"
"BAR_G0309","7:15:00"
"DHK_G5504","7:43:00"
"CTG_X0804","6:00:00"
"DHK_G4166","7:02:00"
"CTG_X0249","5:58:00"
"DHK_X0554","4:41:00"
"DHK_X3305","7:18:00"
"DHK_G3362","7:04:00"
"RAJ_G1102","7:44:00"
"DHK_G3316","3:09:00"
"DHK_X3810","7:49:00"
"DHK_X4115","7:01:00"
"DHK_X0362","1:39:00"
"CTG_X0482","6:20:00"
"CTG_X0312","2:49:00"
"CTG_G1907","4:49:00"
"SYL_X0147","4:10:00"
"BAR_X0513","6:52:00"
"BAR_X0014","6:41:00"
"DHK_W1128","5:30:00"
"DHK_X1877","4:29:00"
"DHK_X0357","0:30:00"
"CTG_W1388","7:00:00"
"BAR_X0344","5:21:00"
"DHK_X0195","1:26:00"
"DHK_X4939","2:21:00"
"DHK_G3868","7:10:00"
"DHK_X2028","2:26:00"
"DHK_R2920","5:51:00"
"DHK_X4101","5:23:00"
"DHK_W5179","7:10:00"
"DHK_R2759","5:05:00"
"CTG_X1088","7:32:00"
"CTG_R1328","6:10:00"
"RAJ_G0783","4:50:00"
"RAJ_G1508","4:11:00"
"RAJ_X1289","4:33:00"
"CTG_G0840","6:58:00"
"DHK_X4299","5:06:00"
"DHK_X5234","7:52:00"
"RAJ_G1033","7:08:00"
"DHK_X4148","4:08:00"
"CTG_X0236","6:39:00"
"CTG_X1628","6:39:00"
"DHK_W2757","6:41:00"
"DHK_G2298","6:29:00"
"RAJ_W1040","4:39:00"
"CTG_X0023","5:25:00"
"RAJ_G1483","4:40:00"
"CTG_X0481","3:39:00"
"DHK_X2287","5:48:00"
"DHK_X4423","6:46:00"
"CTG_X1355","7:25:00"
"CTG_G1225","1:36:00"
"RAJ_G1345","7:42:00"
"RAJ_R1249","3:44:00"
"CTG_X1034","2:33:00"
"SYL_X0393","4:44:00"
"DHK_X1653","1:30:00"
"DHK_X2770","7:50:00"
"DHK_X0346","1:03:00"
"RAJ_X1201","7:29:00"
"DHK_R3116","6:42:00"
"RAJ_X0618","3:32:00"
"RAJ_G0808","7:06:00"
"RAJ_G1056","2:05:00"
"DHK_X4014","1:31:00"
"DHK_W3479","5:48:00"
"DHK_G5223","6:16:00"
"BAR_G0418","6:40:00"
"CTG_X0890","4:06:00"
"DHK_G4147","6:27:00"
"DHK_X5247","6:12:00"
"DHK_G4154","6:12:00"
"DHK_W5529","6:11:00"
"CTG_X0472","6:14:00"
"CTG_W1910","6:55:00"
"CTG_X0884","5:48:00"
"DHK_X0236","6:37:00"
"DHK_X4037","2:20:00"
"DHK_X2578","6:48:00"
"DHK_G4862","7:43:00"
"DHK_X3304","3:23:00"
"DHK_G3769","4:35:00"
"DHK_X1157","7:22:00"
"DHK_X2788","5:12:00"
"CTG_X0496","4:31:00"
"RAJ_G1500","7:18:00"
"BAR_R0423","4:47:00"
"CTG_W0727","2:42:00"
"CTG_X0478","2:42:00"
"CTG_X0369","2:42:00"
"DHK_X0269","3:06:00"
"DHK_X1907","5:50:00"
"DHK_X2594","6:05:00"
"BAR_G0359","6:05:00"
"RAJ_X0623","4:08:00"
"RAJ_G1111","5:28:00"
"RAJ_G1426","7:20:00"
"RAJ_G1765","6:02:00"
"RAJ_G1203","5:29:00"
"DHK_G4213","2:54:00"
"CTG_X0232","7:24:00"
"CTG_G1209","5:24:00"
"CTG_G1369","6:20:00"
"BAR_X0196","7:16:00"
"BAR_X0374","6:55:00"
"DHK_X4633","2:06:00"
"RAJ_G0948","6:50:00"
"DHK_X1793","1:32:00"
"DHK_G5275","6:06:00"
"DHK_W1138","6:43:00"
"DHK_X5266","5:50:00"
"RAJ_X0344","7:32:00"
"RAJ_X0617","6:01:00"
"RAJ_X0438","5:28:00"
"DHK_X1197","4:36:00"
"CTG_X0669","6:06:00"
"CTG_G1634","6:38:00"
"RAJ_R1525","2:52:00"
"DHK_G4124","7:58:00"
"DHK_X3525","6:04:00"
"DHK_X0367","1:57:00"
"DHK_G3412","7:36:00"
"CTG_G1122","3:08:00"
"CTG_G1115","4:28:00"
"BAR_X0380","6:41:00"
"CTG_X0241","6:13:00"
"DHK_R5034","7:54:00"
"RAJ_X1499","4:07:00"
"RAJ_R1683","7:47:00"
"DHK_X0683","4:54:00"
"CTG_R1963","6:55:00"
"BAR_X0253","5:42:00"
"SYL_X0530","7:14:00"
"CTG_X1187","4:44:00"
"SYL_X0021","5:27:00"
"RAJ_G1107","2:48:00"
"RAJ_G0782","4:35:00"
"RAJ_X0444","3:15:00"
"RAJ_G1609","5:54:00"
"CTG_W1315","5:49:00"
"CTG_X0844","4:16:00"
"RAJ_G1503","3:19:00"
"DHK_W3335","6:55:00"
"DHK_G5032","3:12:00"
"DHK_X3379","7:39:00"
"DHK_W5252","6:58:00"
"DHK_X2059","4:51:00"
"RAJ_X1706","6:02:00"
"BAR_G0269","7:32:00"
"DHK_X3551","5:47:00"
"CTG_X0645","5:58:00"
"DHK_G5397","7:00:00"
"DHK_X5525","6:10:00"
"DHK_X2752","6:16:00"
"DHK_X3825","7:18:00"
"RAJ_G1116","7:54:00"
"DHK_R3601","4:13:00"
"DHK_R2620","7:31:00"
"DHK_X0486","7:55:00"
"DHK_G3623","6:10:00"
"CTG_X1528","7:36:00"
"CTG_R2067","7:21:00"
"CTG_G1502","5:15:00"
"CTG_X1854","7:38:00"
"CTG_G1204","7:10:00"
"CTG_X0806","3:45:00"
"CTG_X0646","6:10:00"
"CTG_X0878","5:55:00"
"CTG_G1200","5:57:00"
"SYL_G0296","6:57:00"
"RAJ_G1174","7:34:00"
"SYL_X0373","4:24:00"
"SYL_R0032","5:46:00"
"SYL_X0035","7:17:00"
"CTG_G1563","7:51:00"
"CTG_X0817","3:58:00"
"SYL_G0302","4:09:00"
"SYL_X0639","3:57:00"
"SYL_G0363","4:43:00"
"SYL_X0628","6:38:00"
"SYL_G0507","4:18:00"
"RAJ_X0472","4:34:00"
"RAJ_X0451","5:37:00"
"BAR_X0389","7:42:00"
"RAJ_G1895","6:41:00"
"BAR_X0042","7:08:00"
"RAJ_R1347","5:28:00"
"SYL_X0074","7:19:00"
"CTG_X0854","4:44:00"
"DHK_X1925","1:46:00"
"CTG_X0819","4:32:00"
"DHK_R6183","5:21:00"
"DHK_X2170","7:23:00"
"DHK_X5268","5:52:00"
"BAR_X0167","5:30:00"
"RAJ_X0208","2:40:00"
"CTG_R1714","5:30:00"
"RAJ_G1017","1:30:00"
"CTG_X1783","6:06:00"
"SYL_G0344","7:20:00"
"SYL_G0317","7:26:00"
"DHK_G3650","5:07:00"
"CTG_W1310","7:29:00"
"CTG_G1107","4:48:00"
"CTG_R1147","6:50:00"
"CTG_G1127","3:33:00"
"DHK_X4499","6:35:00"
"RAJ_G1731","7:34:00"
"RAJ_G0995","7:39:00"
"RAJ_G1035","7:00:00"
"SYL_X0286","6:22:00"
"SYL_X0561","6:52:00"
"SYL_X0164","5:06:00"
"SYL_R0588","6:01:00"
"SYL_X0640","3:03:00"
"CTG_X0842","7:02:00"
"DHK_G6159","5:37:00"
"RAJ_G1024","7:12:00"
"RAJ_G0785","4:41:00"
"BAR_G0300","7:36:00"
"DHK_X2122","5:22:00"
"CTG_R0126","1:48:00"
"RAJ_G1434","7:06:00"
"BAR_X0386","6:27:00"
"DHK_X0086","1:00:00"
"CTG_G1343","7:08:00"
"CTG_G1282","5:28:00"
"CTG_X0159","7:15:00"
"CTG_X0514","1:35:00"
"DHK_X3327","5:33:00"
"CTG_R1823","3:15:00"
"RAJ_G0900","4:19:00"
"RAJ_X0039","1:48:00"
"DHK_X2729","6:24:00"
"DHK_X5555","7:04:00"
"CTG_X0300","4:42:00"
"CTG_X0353","6:03:00"
"SYL_X0015","2:58:00"
"SYL_X0054","6:44:00"
"CTG_X0113","3:18:00"
"CTG_W1796","7:44:00"
"SYL_X0134","3:21:00"
"DHK_X4482","2:57:00"
"CTG_X1382","2:20:00"
"CTG_R0679","3:41:00"
"CTG_X0467","7:19:00"
"SYL_X0095","3:56:00"
"DHK_X0451","6:22:00"
"RAJ_X1281","2:53:00"
"DHK_G2441","7:26:00"
"DHK_X1144","2:37:00"
"RAJ_W1194","5:30:00"
"SYL_X0244","5:31:00"
"SYL_G0411","6:39:00"
"CTG_X0800","3:47:00"
"BAR_G0514","6:30:00"
"DHK_G3784","7:37:00"
"RAJ_G1137","3:12:00"
"CTG_W0686","4:40:00"
"CTG_X0468","4:33:00"
"CTG_X0690","3:14:00"
"DHK_R3146","3:32:00"
"DHK_G4131","3:32:00"
"DHK_X3290","3:31:00"
"KHU_G1282","7:37:00"
"DHK_G3600","4:06:00"
"DHK_X2848","4:50:00"
"CTG_R1142","1:33:00"
"DHK_X0488","6:35:00"
"DHK_X3222","7:21:00"
"DHK_G4164","7:56:00"
"DHK_X2602","5:55:00"
"DHK_X1666","3:05:00"
"DHK_G5269","5:06:00"
"DHK_G5523","6:53:00"
"SYL_X0210","5:55:00"
"SYL_X0231","6:20:00"
"DHK_X2107","6:18:00"
"RAJ_G0873","3:04:00"
"RAJ_X0420","6:25:00"
"DHK_X2047","2:24:00"
"DHK_R3711","6:22:00"
"RAJ_G0867","6:50:00"
"RAJ_G1342","2:31:00"
"BAR_X0125","6:35:00"
"CTG_X0109","3:15:00"
"RAJ_X0013","3:55:00"
"RAJ_G1124","4:38:00"
"CTG_R1184","7:31:00"
"CTG_R0021","6:35:00"
"RAJ_G1176","7:30:00"
"DHK_R6224","4:22:00"
"DHK_X1954","2:51:00"
"CTG_X0130","3:18:00"
"CTG_X0077","3:36:00"
"CTG_X1151","2:46:00"
"CTG_W1903","2:17:00"
"SYL_X0357","3:45:00"
"BAR_G0545","5:23:00"
"SYL_X0192","4:52:00"
"BAR_X0395","5:48:00"
"CTG_W1831","6:07:00"
"CTG_X1095","7:53:00"
"DHK_X1896","0:21:00"
"CTG_X0685","6:06:00"
"CTG_X0405","1:13:00"
"DHK_X0080","3:48:00"
"DHK_R3151","3:53:00"
"BAR_X0040","7:18:00"
"BAR_G0425","7:16:00"
"RAJ_X0612","4:48:00"
"RAJ_X1226","6:59:00"
"SYL_X0612","7:57:00"
"SYL_R0601","5:57:00"
"DHK_X0398","7:11:00"
"DHK_X0338","1:53:00"
"DHK_X4302","1:54:00"
"CTG_X0869","7:11:00"
"CTG_X0233","2:30:00"
"DHK_R6163","7:09:00"
"RAJ_G1617","7:52:00"
"RAJ_G1616","5:27:00"
"DHK_W2086","3:21:00"
"CTG_X1398","1:55:00"
"CTG_G1513","7:18:00"
"DHK_T6870","7:25:00"
"DHK_X1051","2:43:00"
"DHK_R6157","1:53:00"
"RAJ_G1121","3:57:00"
"RAJ_G1037","1:37:00"
"DHK_X2837","2:48:00"
"DHK_X3866","7:54:00"
"RAJ_R1442","3:11:00"
"CTG_X0636","5:20:00"
"CTG_X1365","4:56:00"
"CTG_X0697","5:23:00"
"CTG_G1223","6:53:00"
"CTG_X0641","6:41:00"
"CTG_R1815","3:52:00"
"CTG_R0282","7:37:00"
"CTG_W0283","5:53:00"
"CTG_G1207","6:02:00"
"DHK_X5572","7:18:00"
"DHK_X5579","7:07:00"
"DHK_R3301","6:52:00"
"CTG_X1839","4:56:00"
"CTG_X1629","7:41:00"
"CTG_X0239","4:42:00"
"DHK_W5210","3:07:00"
"DHK_G5200","4:07:00"
"DHK_G3410","3:44:00"
"DHK_X5185","4:31:00"
"RAJ_G0902","7:13:00"
"RAJ_X0381","2:18:00"
"RAJ_X1327","2:18:00"
"CTG_G1918","2:18:00"
"SYL_X0162","4:00:00"
"DHK_R4960","7:54:00"
"RAJ_X0495","6:45:00"
"DHK_R5595","7:35:00"
"CTG_X0330","6:10:00"
"CTG_X0371","4:36:00"
"CTG_X1806","4:15:00"
"DHK_R3701","6:21:00"
"BAR_X0296","5:13:00"
"BAR_X0132","6:17:00"
"CTG_X0867","2:08:00"
"RAJ_G0787","7:28:00"
"DHK_G1822","6:15:00"
"DHK_X1769","3:56:00"
"DHK_X2618","3:56:00"
"DHK_G6080","6:14:00"
"DHK_G3583","5:55:00"
"DHK_X5510","7:46:00"
"DHK_G5231","7:06:00"
"BAR_W0030","5:45:00"
"SYL_X0061","6:36:00"
"SYL_X0119","2:25:00"
"SYL_X0574","1:39:00"
"DHK_X2039","7:36:00"
"RAJ_G0985","7:13:00"
"RAJ_X1250","7:51:00"
"BAR_G0273","4:18:00"
"RAJ_X0491","7:33:00"
"RAJ_X0292","3:26:00"
"BAR_G0537","3:33:00"
"DHK_R6429","4:57:00"
"DHK_X3657","3:12:00"
"DHK_R3185","7:22:00"
"DHK_X4741","3:11:00"
"DHK_X4483","4:58:00"
"DHK_X2243","6:50:00"
"CTG_W0102","5:29:00"
"DHK_X1611","6:34:00"
"DHK_X1819","6:40:00"
"DHK_X1875","4:17:00"
"DHK_W5011","2:58:00"
"RAJ_G1414","7:15:00"
"RAJ_G1178","6:55:00"
"RAJ_X0033","1:38:00"
"DHK_X0536","5:46:00"
"DHK_G3649","7:44:00"
"CTG_X0409","4:06:00"
"DHK_R6426","4:32:00"
"DHK_R6128","7:30:00"
"DHK_G4911","6:29:00"
"DHK_X2238","0:10:00"
"RAJ_W0689","5:02:00"
"DHK_X3280","4:32:00"
"DHK_X1064","5:19:00"
"CTG_G1150","7:16:00"
"RAJ_G0910","3:28:00"
"RAJ_G0907","5:11:00"
"RAJ_G0912","7:52:00"
"DHK_X2171","7:46:00"
"DHK_G5587","5:51:00"
"DHK_X5197","4:50:00"
"DHK_X5244","7:18:00"
"RAJ_X1323","5:27:00"
"DHK_G3721","4:43:00"
"RAJ_G1007","5:05:00"
"SYL_X0293","6:33:00"
"DHK_X2621","5:56:00"
"DHK_X2043","2:59:00"
"DHK_X2167","4:43:00"
"DHK_G4620","7:45:00"
"DHK_G4248","6:04:00"
"DHK_R2696","7:38:00"
"BAR_G0464","4:56:00"
"RAJ_X0348","1:50:00"
"RAJ_X0471","7:28:00"
"DHK_X3596","5:18:00"
"BAR_X0506","7:13:00"
"DHK_G2874","6:36:00"
"BAR_X0280","4:37:00"
"DHK_X2640","2:34:00"
"CTG_X0543","5:17:00"
"DHK_X4017","7:00:00"
"DHK_X3726","4:57:00"
"CTG_X0262","7:50:00"
"CTG_X1531","7:10:00"
"RAJ_G1484","7:55:00"
"BAR_X0293","0:48:00"
"RAJ_G1485","4:03:00"
"RAJ_G0889","3:07:00"
"RAJ_G1486","7:25:00"
"DHK_G6069","1:23:00"
"DHK_X3324","1:21:00"
"RAJ_G0878","7:58:00"
"DHK_X3313","2:12:00"
"CTG_X0638","5:31:00"
"CTG_X0600","6:28:00"
"CTG_R1753","6:02:00"
"CTG_X0387","2:44:00"
"CTG_X0128","5:47:00"
"BAR_G0157","5:24:00"
"CTG_R1811","7:08:00"
"DHK_G3456","2:47:00"
"CTG_X0810","3:20:00"
"BAR_X0038","6:17:00"
"RAJ_X0372","3:24:00"
"CTG_G1141","7:36:00"
"CTG_X1181","7:36:00"
"DHK_R4502","7:17:00"
"RAJ_G0901","3:22:00"
"DHK_R2424","2:37:00"
"CTG_R1995","5:00:00"
"SYL_G0325","3:22:00"
"SYL_X0228","3:16:00"
"SYL_G0490","6:23:00"
"SYL_W0071","7:48:00"
"BAR_X0454","5:31:00"
"BAR_G0530","6:26:00"
"RAJ_X0385","6:54:00"
"BAR_X0012","4:16:00"
"BAR_X0183","6:25:00"
"BAR_G0458","5:03:00"
"BAR_W0208","4:30:00"
"DHK_X0081","2:06:00"
"DHK_X1851","1:07:00"
"BAR_G0379","4:48:00"
"CTG_X0630","6:27:00"
"SYL_X0060","2:10:00"
"CTG_X1070","4:36:00"
"SYL_X0642","2:34:00"
"RAJ_R0022","6:46:00"
"DHK_X3536","3:52:00"
"CTG_R1353","4:58:00"
"DHK_G4110","5:00:00"
"CTG_X0752","3:21:00"
"DHK_G5050","3:28:00"
"DHK_G4186","5:05:00"
"DHK_X4273","5:40:00"
"BAR_X0453","4:53:00"
"DHK_X4207","1:15:00"
"CTG_X0413","7:01:00"
"CTG_X0512","7:07:00"
"CTG_X1901","7:03:00"
"CTG_X1594","5:16:00"
"BAR_X0392","7:40:00"
"CTG_W1158","3:09:00"
"CTG_X0632","3:02:00"
"BAR_R0426","4:16:00"
"BAR_X0204","7:40:00"
"BAR_G0266","4:36:00"
"CTG_X1106","5:46:00"
"DHK_X2909","3:04:00"
"SYL_G0372","3:02:00"
"DHK_R5192","6:55:00"
"CTG_X0420","5:59:00"
"DHK_X2292","3:00:00"
"BAR_X0305","5:16:00"
"DHK_G3578","6:39:00"
"BAR_G0275","7:59:00"
"BAR_X0129","1:31:00"
"BAR_G0548","7:10:00"
"CTG_X1591","7:09:00"
"DHK_X1116","5:37:00"
"RAJ_X0874","7:26:00"
"DHK_X5259","4:48:00"
"SYL_G0455","3:56:00"
"DHK_X2102","6:38:00"
"RAJ_X1341","7:43:00"
"RAJ_X0037","7:21:00"
"DHK_R5078","6:58:00"
"DHK_G3785","7:12:00"
"RAJ_X0038","7:22:00"
"BAR_G0489","7:58:00"
"DHK_X5615","1:23:00"
"CTG_X0112","6:49:00"
"DHK_G4177","7:18:00"
"CTG_X0243","4:58:00"
"DHK_X0535","5:51:00"
"DHK_X5649","5:07:00"
"DHK_X2137","6:43:00"
"CTG_G1835","6:58:00"
"DHK_W3358","7:59:00"
"DHK_W6481","6:47:00"
"SYL_G0337","5:30:00"
"SYL_X0620","5:33:00"
"CTG_X1232","5:55:00"
"BAR_X0222","6:50:00"
"BAR_G0501","6:08:00"
"BAR_X0401","7:49:00"
"CTG_X0682","4:38:00"
"BAR_G0366","7:16:00"
"CTG_X0229","7:55:00"
"BAR_G0276","6:55:00"
"DHK_X5601","4:25:00"
"BAR_G0260","5:45:00"
"DHK_R1898","1:05:00"
"BAR_G0303","6:20:00"
"BAR_X0103","3:51:00"
"BAR_X0258","5:58:00"
"BAR_G0472","7:22:00"
"DHK_X5606","6:33:00"
"RAJ_X1346","7:20:00"
"CTG_X0408","6:41:00"
"BAR_X0229","7:38:00"
"DHK_X3314","5:44:00"
"BAR_X0409","6:52:00"
"BAR_W0177","7:42:00"
"BAR_X0170","7:19:00"
"BAR_G0155","6:45:00"
"BAR_X0150","7:24:00"
"CTG_X1657","6:58:00"
"SYL_X0616","5:49:00"
"DHK_X4212","3:36:00"
"DHK_R4752","4:04:00"
"DHK_X5122","6:03:00"
"CTG_X0635","6:56:00"
"DHK_G5288","7:06:00"
"CTG_X0623","4:50:00"
"DHK_R4235","6:55:00"
"BAR_X0027","4:46:00"
"DHK_X4933","6:13:00"
"DHK_X0653","1:18:00"
"DHK_X2958","3:09:00"
"DHK_R5054","6:58:00"
"DHK_R4233","7:00:00"
"DHK_R2160","6:56:00"
"DHK_X0254","4:41:00"
"CTG_G1145","2:18:00"
"DHK_X4442","4:51:00"
"RAJ_G0974","5:41:00"
"CTG_X0864","7:03:00"
"CTG_G1229","7:35:00"
"CTG_R1649","5:55:00"
"CTG_G1231","7:59:00"
"DHK_G6078","4:32:00"
"DHK_R6074","7:44:00"
"DHK_X0099","0:17:00"
"DHK_X0123","3:15:00"
"DHK_X0732","3:56:00"
"DHK_X2604","0:37:00"
"DHK_W0846","6:44:00"
"DHK_G3653","6:40:00"
"DHK_X4003","6:40:00"
"DHK_X1873","7:08:00"
"BAR_G0398","7:11:00"
"BAR_G0277","7:58:00"
"DHK_X4076","6:13:00"
"DHK_X2678","4:47:00"
"SYL_G0467","7:40:00"
"DHK_R4081","4:54:00"
"RAJ_G0553","5:35:00"
"DHK_G3644","7:58:00"
"DHK_X0158","6:06:00"
"DHK_R5345","7:45:00"
"CTG_X0246","4:58:00"
"RAJ_W0756","5:54:00"
"RAJ_X0014","1:19:00"
"CTG_X0658","3:15:00"
"DHK_X1780","3:37:00"
"DHK_X0287","3:54:00"
"DHK_G4176","6:24:00"
"DHK_X3279","7:54:00"
"CTG_W1136","7:04:00"
"CTG_G1135","7:03:00"
"RAJ_G1008","3:43:00"
"CTG_X1169","6:50:00"
"DHK_G4702","5:04:00"
"CTG_X0331","5:14:00"
"BAR_X0028","7:18:00"
"CTG_X0616","4:34:00"
"CTG_X0441","7:53:00"
"CTG_X1567","6:42:00"
"DHK_G4467","3:21:00"
"DHK_G3389","7:38:00"
"DHK_X5274","7:50:00"
"SYL_X0526","5:49:00"
"RAJ_R1660","4:21:00"
"CTG_G1590","5:45:00"
"CTG_X0385","4:35:00"
"DHK_R4263","6:11:00"
"BAR_X0163","7:18:00"
"BAR_X0457","6:19:00"
"DHK_W5137","5:09:00"
"RAJ_W0651","4:13:00"
"DHK_G5100","5:48:00"
"DHK_X4427","7:36:00"
"DHK_X1671","5:57:00"
"CTG_X0814","3:53:00"
"DHK_X1966","3:25:00"
"DHK_G3446","5:48:00"
"CTG_X0237","4:20:00"
"DHK_W5286","6:39:00"
"DHK_X2036","0:33:00"
"SYL_X0405","6:50:00"
"BAR_X0235","7:47:00"
"BAR_X0373","6:20:00"
"BAR_G0524","6:16:00"
"SYL_G0494","7:31:00"
"DHK_X2082","6:11:00"
"SYL_G0386","4:00:00"
"BAR_X0039","6:15:00"
"DHK_X3731","7:27:00"
"SYL_X0135","7:44:00"
"DHK_X3331","7:38:00"
"DHK_R6084","6:17:00"
"DHK_X2219","0:31:00"
"BAR_X0055","2:33:00"
"BAR_X0108","3:54:00"
"RAJ_X0349","6:04:00"
"RAJ_G1119","5:12:00"
"DHK_X4751","6:31:00"
"DHK_G3330","5:31:00"
"DHK_X5293","7:17:00"
"RAJ_X0380","2:44:00"
"RAJ_X0393","2:12:00"
"CTG_R1143","3:14:00"
"DHK_G5534","5:57:00"
"DHK_X0359","4:24:00"
"DHK_G4468","6:38:00"
"BAR_R0450","3:25:00"
"DHK_X3565","5:27:00"
"BAR_X0356","4:58:00"
"DHK_R4594","5:08:00"
"BAR_X0487","4:26:00"
"BAR_X0032","4:17:00"
"BAR_G0323","4:20:00"
"BAR_X0137","5:10:00"
"DHK_X1161","7:27:00"
"CTG_X1025","5:03:00"
"DHK_X1111","4:23:00"
"RAJ_X0614","6:25:00"
"CTG_X0511","7:28:00"
"BAR_X0171","4:43:00"
"DHK_X1008","1:57:00"
"CTG_X0613","4:36:00"
"CTG_X0839","7:57:00"
"DHK_G3356","6:30:00"
"RAJ_X0516","7:46:00"
"BAR_R0371","3:57:00"
"CTG_X1690","5:49:00"
"DHK_G1883","7:07:00"
"CTG_X0910","4:29:00"
"DHK_X3723","4:49:00"
"CTG_X0124","6:16:00"
"DHK_X1187","3:51:00"
"DHK_X2090","7:54:00"
"DHK_X2587","2:20:00"
"CTG_X1663","5:50:00"
"DHK_X2034","4:10:00"
"DHK_X3462","6:19:00"
"CTG_W1897","6:26:00"
"DHK_X5127","0:30:00"
"DHK_X0648","4:06:00"
"DHK_X3510","1:16:00"
"RAJ_X1284","5:03:00"
"DHK_X1041","5:09:00"
"SYL_W0171","7:59:00"
"CTG_W1105","7:03:00"
"SYL_X0080","5:15:00"
"DHK_G4394","4:54:00"
"DHK_X0589","3:38:00"
"RAJ_G1177","4:34:00"
"RAJ_X0521","3:07:00"
"DHK_G3855","3:52:00"
"CTG_R1377","6:57:00"
"DHK_X4350","3:26:00"
"BAR_X0213","7:45:00"
"CTG_X0278","4:05:00"
"DHK_X4742","3:57:00"
"RAJ_G0533","6:19:00"
"SYL_X0502","4:16:00"
"DHK_X4436","5:28:00"
"RAJ_X0508","7:01:00"
"DHK_X3831","7:28:00"
"DHK_R0982","1:16:00"
"RAJ_X0641","5:13:00"
"DHK_X0422","1:16:00"
"CTG_G1960","7:31:00"
"CTG_W1732","3:49:00"
"CTG_X1394","4:38:00"
"CTG_G0634","5:21:00"
"CTG_X0724","5:42:00"
"DHK_X0404","1:59:00"
"DHK_X2503","2:53:00"
"DHK_X0145","3:11:00"
"DHK_W0226","4:41:00"
"CTG_X0352","5:15:00"
"SYL_X0055","6:45:00"
"SYL_X0006","4:42:00"
"CTG_W1909","6:03:00"
"CTG_X0276","5:26:00"
"CTG_X1661","6:13:00"
"CTG_X1352","6:41:00"
"CTG_G1113","4:26:00"
"CTG_X0497","6:11:00"
"CTG_G1361","5:46:00"
"DHK_R2962","2:17:00"
"RAJ_X0534","5:30:00"
"CTG_X0020","3:45:00"
"CTG_R1760","2:27:00"
"CTG_X0185","2:27:00"
"DHK_X4255","6:39:00"
"DHK_G5290","7:19:00"
"RAJ_X1464","2:39:00"
"BAR_X0456","4:26:00"
"DHK_X2054","3:15:00"
"DHK_X4230","5:48:00"
"DHK_X3289","6:05:00"
"RAJ_G1729","6:27:00"
"DHK_G3884","3:28:00"
"DHK_R3915","6:05:00"
"DHK_X2706","6:32:00"
"DHK_W5171","5:54:00"
"SYL_X0020","4:17:00"
"CTG_X0837","7:00:00"
"BAR_G0364","6:44:00"
"BAR_G0365","7:09:00"
"DHK_G5250","2:55:00"
"SYL_G0496","6:53:00"
"DHK_X5609","1:10:00"
"DHK_R2371","3:28:00"
"CTG_R2049","7:25:00"
"CTG_X0259","6:35:00"
"CTG_W1851","7:50:00"
"DHK_X0975","0:52:00"
"RAJ_X0496","7:17:00"
"RAJ_G0017","4:35:00"
"SYL_G0776","0:03:00"
"RAJ_X0333","0:51:00"
"DHK_X5632","1:04:00"
"CTG_X0664","4:06:00"
"DHK_X1654","7:03:00"
"CTG_X0813","7:24:00"
"BAR_X0114","2:12:00"
"CTG_X1347","5:43:00"
"BAR_X0007","2:08:00"
"CTG_X1170","3:46:00"
"DHK_G2062","3:16:00"
"DHK_X4607","5:02:00"
"DHK_X4474","7:15:00"
"DHK_X2684","5:57:00"
"DHK_X1172","3:01:00"
"BAR_X0050","7:56:00"
"BAR_G0329","3:45:00"
"BAR_G0286","5:53:00"
"RAJ_G1001","7:33:00"
"CTG_G0812","7:55:00"
"RAJ_G1899","4:53:00"
"RAJ_X0216","4:20:00"
"DHK_X1011","5:59:00"
"DHK_X5193","3:17:00"
"SYL_X0255","7:58:00"
"SYL_G0341","7:58:00"
"DHK_W1802","1:52:00"
"DHK_X2681","1:34:00"
"BAR_G0321","7:05:00"
"BAR_W0311","5:36:00"
"DHK_G3390","4:52:00"
"RAJ_G1062","7:49:00"
"BAR_X0502","1:18:00"
"DHK_X0095","1:44:00"
"CTG_X1386","6:01:00"
"CTG_X0619","6:16:00"
"CTG_X0771","5:33:00"
"CTG_W1879","6:16:00"
"CTG_X0308","7:36:00"
"DHK_X2840","5:37:00"
"CTG_X0032","2:31:00"
"CTG_X1172","3:03:00"
"RAJ_X0094","4:39:00"
"CTG_X0057","3:11:00"
"CTG_X0549","3:15:00"
"DHK_X0991","0:18:00"
"DHK_X1900","2:06:00"
"CTG_X0092","3:53:00"
"RAJ_X0189","1:49:00"
"RAJ_G1009","4:15:00"
"DHK_G3408","6:43:00"
"DHK_X2839","2:33:00"
"DHK_R4264","5:33:00"
"DHK_X3498","3:57:00"
"DHK_R6075","7:22:00"
"DHK_X1022","5:06:00"
"DHK_W3839","7:33:00"
"CTG_X0627","4:04:00"
"DHK_X4765","5:15:00"
"CTG_X0070","5:18:00"
"RAJ_G1621","4:52:00"
"SYL_X0013","2:54:00"
"DHK_X5227","7:03:00"
"RAJ_G1003","4:24:00"
"DHK_R6123","4:31:00"
"DHK_X4371","4:22:00"
"RAJ_X0573","7:57:00"
"DHK_X0990","7:56:00"
"RAJ_G1060","3:29:00"
"DHK_X2502","5:12:00"
"CTG_X0153","7:17:00"
"RAJ_G0968","7:02:00"
"RAJ_G1066","7:28:00"
"CTG_R1149","6:42:00"
"CTG_G1267","2:17:00"
"CTG_X1662","7:47:00"
"DHK_X1937","2:49:00"
"BAR_G0259","7:45:00"
"SYL_X0562","3:35:00"
"RAJ_G1444","7:03:00"
"BAR_X0029","4:50:00"
"CTG_X0393","3:16:00"
"DHK_X2068","0:45:00"
"DHK_G3205","6:47:00"
"CTG_R1962","2:51:00"
"CTG_X0652","7:01:00"
"CTG_G2395","7:28:00"
"CTG_W1168","7:45:00"
"SYL_G0321","6:17:00"
"DHK_X3738","2:18:00"
"SYL_G0388","6:06:00"
"RAJ_G1127","6:46:00"
"DHK_X5578","3:55:00"
"DHK_W3097","3:55:00"
"DHK_X5574","4:51:00"
"DHK_X2593","1:56:00"
"DHK_G0693","6:17:00"
"DHK_G3706","5:11:00"
"CTG_R1720","1:21:00"
"CTG_R0784","3:59:00"
"DHK_R1159","0:49:00"
"DHK_X0316","0:49:00"
"DHK_R4217","5:16:00"
"CTG_X0768","3:57:00"
"CTG_X1090","7:35:00"
"CTG_X1692","2:16:00"
"DHK_G5033","7:24:00"
"CTG_G1196","5:05:00"
"CTG_G1295","5:02:00"
"CTG_X0803","4:56:00"
"BAR_G0390","6:07:00"
"CTG_W1900","4:30:00"
"DHK_X4045","6:56:00"
"DHK_X1619","2:34:00"
"DHK_R6256","7:30:00"
"DHK_X2526","6:14:00"
"DHK_X4211","3:42:00"
"DHK_X1958","6:25:00"
"RAJ_X1542","3:02:00"
"RAJ_G1142","3:50:00"
"DHK_G2479","4:11:00"
"RAJ_X0562","5:20:00"
"DHK_X0858","2:03:00"
"DHK_G2842","2:35:00"
"DHK_R1731","4:23:00"
"BAR_X0018","3:05:00"
"BAR_X0056","3:39:00"
"SYL_W0143","2:28:00"
"BAR_X0070","5:35:00"
"BAR_G0265","7:42:00"
"DHK_X3719","7:30:00"
"CTG_R1798","4:58:00"
"DHK_X1697","1:50:00"
"DHK_W4894","6:23:00"
"DHK_X0251","4:15:00"
"RAJ_X1198","3:50:00"
"CTG_X0096","2:07:00"
"CTG_X1078","1:19:00"
"DHK_X0676","5:27:00"
"DHK_X3816","3:28:00"
"DHK_R4292","6:53:00"
"DHK_R3959","4:55:00"
"DHK_X0062","5:31:00"
"DHK_X6651","0:42:00"
"SYL_X0109","2:52:00"
"CTG_X1180","1:53:00"
"RAJ_W0519","4:58:00"
"DHK_R0401","2:00:00"
"DHK_X0744","2:00:00"
"DHK_X4009","1:36:00"
"CTG_X0311","5:34:00"
"CTG_X0642","4:01:00"
"DHK_W3431","6:24:00"
"DHK_G6180","5:00:00"
"DHK_X4107","4:00:00"
"DHK_X4361","4:43:00"
"RAJ_W1044","6:40:00"
"RAJ_X1512","4:06:00"
"RAJ_X1215","4:06:00"
"DHK_X3266","5:38:00"
"DHK_X1071","6:15:00"
"DHK_X2712","6:17:00"
"DHK_W3254","2:22:00"
"DHK_R2488","5:32:00"
"DHK_X1715","1:15:00"
"DHK_R5070","3:45:00"
"DHK_R4925","5:45:00"
"DHK_X1104","4:45:00"
"DHK_X0413","3:36:00"
"DHK_X1987","4:47:00"
"DHK_G3889","1:51:00"
"RAJ_X0357","4:52:00"
"DHK_X0207","3:22:00"
"CTG_X1553","7:54:00"
"SYL_X0194","7:20:00"
"DHK_W6253","7:50:00"
"DHK_R5475","1:19:00"
"CTG_W0345","2:20:00"
"DHK_X3503","3:26:00"
"DHK_X5642","0:53:00"
"DHK_X0562","3:35:00"
"DHK_X0128","6:48:00"
"RAJ_G1666","7:40:00"
"CTG_X0501","3:07:00"
"RAJ_G1343","2:03:00"
"RAJ_G1021","4:14:00"
"DHK_X4723","7:15:00"
"CTG_X0411","5:58:00"
"CTG_G1117","6:17:00"
"DHK_X5019","3:39:00"
"CTG_G1859","7:59:00"
"BAR_G0220","7:34:00"
"RAJ_G0822","2:08:00"
"CTG_R1921","0:08:00"
"RAJ_X0677","3:36:00"
"RAJ_W1043","3:36:00"
"DHK_X0105","2:23:00"
"DHK_R4339","1:25:00"
"CTG_R0781","4:39:00"
"DHK_X5194","5:48:00"
"CTG_W1309","6:01:00"
"CTG_G1067","2:29:00"
"DHK_R2807","7:26:00"
"DHK_X4429","6:37:00"
"DHK_W2196","4:08:00"
"DHK_X2933","5:33:00"
"DHK_X4390","1:11:00"
"CTG_X0847","6:20:00"
"DHK_G3801","5:58:00"
"DHK_G5272","3:57:00"
"DHK_X2175","7:38:00"
"DHK_X4918","7:41:00"
"DHK_G2535","7:38:00"
"DHK_X2046","4:47:00"
"DHK_X0141","3:33:00"
"DHK_X2622","7:34:00"
"DHK_X3405","4:22:00"
"DHK_G3622","5:49:00"
"CTG_X0056","4:07:00"
"CTG_X1186","3:57:00"
"CTG_R1028","4:06:00"
"CTG_X1752","3:33:00"
"RAJ_X1509","6:38:00"
"DHK_X3775","5:17:00"
"DHK_R2487","4:59:00"
"DHK_X0104","6:42:00"
"DHK_X3534","7:52:00"
"DHK_G3755","7:10:00"
"DHK_X0107","6:51:00"
"RAJ_X0410","2:39:00"
"RAJ_X0416","2:01:00"
"DHK_R3242","7:46:00"
"RAJ_X1421","6:27:00"
"DHK_R4168","2:37:00"
"DHK_X3419","4:13:00"
"BAR_X0165","5:30:00"
"RAJ_X0439","6:10:00"
"SYL_G0353","7:11:00"
"DHK_X0800","1:42:00"
"CTG_R1800","7:03:00"
"DHK_R3148","6:35:00"
"DHK_X4877","4:51:00"
"DHK_X4651","4:52:00"
"DHK_G3947","4:30:00"
"DHK_G2833","4:27:00"
"CTG_X0038","0:40:00"
"DHK_R6554","7:06:00"
"DHK_X4234","0:25:00"
"DHK_X0098","3:58:00"
"RAJ_G1478","4:11:00"
"RAJ_G1761","5:38:00"
"DHK_X0531","7:48:00"
"DHK_X2528","7:35:00"
"DHK_X4644","3:33:00"
"DHK_X2281","5:01:00"
"CTG_X0494","7:16:00"
"SYL_X0206","7:42:00"
"DHK_X5098","6:24:00"
"RAJ_R1472","5:09:00"
"CTG_R1828","7:47:00"
"CTG_G1243","6:24:00"
"BAR_G0382","6:48:00"
"SYL_X0042","3:54:00"
"DHK_W5513","7:36:00"
"DHK_X2075","0:52:00"
"DHK_X4126","5:32:00"
"DHK_X2156","4:38:00"
"CTG_R0160","5:21:00"
"DHK_X4178","3:55:00"
"CTG_X0234","3:12:00"
"SYL_G0431","7:21:00"
"CTG_X0517","3:13:00"
"CTG_X0006","3:00:00"
"SYL_X0181","2:33:00"
"RAJ_G1533","5:07:00"
"DHK_G4692","6:47:00"
"CTG_G1234","4:03:00"
"DHK_X1095","1:45:00"
"BAR_G0469","7:42:00"
"DHK_X0065","3:29:00"
"DHK_X4064","3:12:00"
"DHK_X3371","6:26:00"
"SYL_X0041","3:29:00"
"CTG_W1838","7:04:00"
"DHK_X5594","1:12:00"
"CTG_G1292","7:35:00"
"DHK_X0291","1:30:00"
"SYL_X0724","2:31:00"
"SYL_X0723","7:36:00"
"SYL_W0079","7:17:00"
"RAJ_G0959","7:40:00"
"CTG_G1285","7:47:00"
"DHK_G2491","2:57:00"
"DHK_G6079","5:33:00"
"DHK_X4642","4:40:00"
"DHK_X5069","3:55:00"
"DHK_X0334","3:55:00"
"DHK_X4325","6:08:00"
"SYL_X0096","4:43:00"
"DHK_X4242","4:40:00"
"CTG_X0870","7:10:00"
"CTG_X1375","7:42:00"
"CTG_G0767","7:45:00"
"CTG_X1616","5:46:00"
"DHK_R0474","1:17:00"
"BAR_G0263","7:23:00"
"DHK_X5590","5:03:00"
"RAJ_G0858","4:08:00"
"CTG_X1644","7:44:00"
"CTG_G2388","4:28:00"
"DHK_X0458","6:43:00"
"RAJ_G1166","3:40:00"
"DHK_R2891","4:41:00"
"CTG_X0163","4:05:00"
"RAJ_W1039","4:10:00"
"CTG_X0141","3:56:00"
"CTG_X0086","7:22:00"
"RAJ_G1223","5:23:00"
"DHK_G2897","4:47:00"
"DHK_R5614","2:38:00"
"SYL_X0004","2:42:00"
"CTG_R1818","2:37:00"
"DHK_X1683","0:32:00"
"DHK_G6400","6:22:00"
"DHK_X1748","3:38:00"
"DHK_X0075","3:34:00"
"DHK_X1049","2:27:00"
"DHK_X1750","2:02:00"
"CTG_X0281","3:47:00"
"SYL_X0098","7:16:00"
"CTG_X1021","2:51:00"
"CTG_X0699","4:24:00"
"DHK_X4774","2:06:00"
"RAJ_X0179","1:44:00"
"DHK_X1977","1:10:00"
"CTG_X1651","4:28:00"
"DHK_X4039","3:55:00"
"RAJ_R1664","6:21:00"
"DHK_X1184","4:36:00"
"DHK_X0022","6:03:00"
"DHK_X2289","2:27:00"
"DHK_X1698","3:03:00"
"DHK_G6668","0:57:00"
"DHK_X0447","4:53:00"
"DHK_X0815","3:47:00"
"DHK_X0378","4:35:00"
"DHK_X1826","1:45:00"
"DHK_W3271","6:53:00"
"CTG_X0609","3:23:00"
"DHK_X1045","1:45:00"
"DHK_R2731","7:25:00"
"DHK_X0453","7:06:00"
"DHK_X3415","1:30:00"
"DHK_X0969","4:45:00"
"CTG_X0861","4:59:00"
"CTG_G1123","5:34:00"
"DHK_G4666","7:10:00"
"DHK_X0477","4:20:00"
"DHK_X1792","5:19:00"
"RAJ_X1431","7:02:00"
"DHK_X2536","1:27:00"
"DHK_R1285","4:06:00"
"CTG_X0036","7:29:00"
"CTG_X0088","4:28:00"
"CTG_X1832","7:30:00"
"CTG_X0037","6:23:00"
"DHK_X3728","4:37:00"
"DHK_X1982","4:26:00"
"SYL_G0343","3:08:00"
"CTG_X0524","3:38:00"
"DHK_X3822","0:51:00"
"DHK_X0406","2:02:00"
"DHK_X1004","1:36:00"
"DHK_X3486","1:03:00"
"RAJ_X0229","1:32:00"
"CTG_X0443","5:42:00"
"DHK_X2533","0:39:00"
"BAR_G0185","3:51:00"
"DHK_R1613","7:52:00"
"DHK_X1847","7:28:00"
"CTG_W0714","1:55:00"
"CTG_X0715","1:45:00"
"CTG_X0051","2:28:00"
"DHK_X1893","1:58:00"
"DHK_X1895","7:04:00"
"DHK_X1626","2:37:00"
"DHK_X0376","2:48:00"
"DHK_X4231","3:01:00"
"DHK_X3843","4:34:00"
"BAR_X0466","2:11:00"
"CTG_X0541","1:01:00"
"DHK_X5173","5:21:00"
"CTG_X0437","6:30:00"
"CTG_W1795","5:23:00"
"CTG_X1898","1:45:00"
"DHK_X2130","0:41:00"
"CTG_R1813","4:44:00"
"CTG_X0100","1:43:00"
"CTG_X0390","1:43:00"
"CTG_X0455","1:42:00"
"DHK_X0839","5:00:00"
"CTG_X0754","3:47:00"
"CTG_G1238","6:19:00"
"CTG_X0025","6:17:00"
"CTG_X0315","3:09:00"
"DHK_X1675","4:57:00"
"CTG_X1391","4:28:00"
"CTG_R2033","7:56:00"
"CTG_X1527","7:14:00"
"DHK_X5154","3:34:00"
"CTG_R1518","6:04:00"
"CTG_G1270","2:57:00"
"CTG_X0708","5:57:00"
"RAJ_X0055","3:43:00"
"BAR_G0463","2:34:00"
"DHK_W2456","3:16:00"
"CTG_R1888","0:42:00"
"CTG_R1827","0:03:00"
"DHK_X2682","2:44:00"
"DHK_X1606","3:40:00"
"DHK_R0936","2:37:00"
"DHK_R6132","7:56:00"
"DHK_X3293","6:21:00"
"DHK_X3241","5:22:00"
"DHK_X4084","1:27:00"
"RAJ_X0909","2:50:00"
"BAR_W0486","1:58:00"
"CTG_G1512","2:27:00"
"DHK_X3890","0:46:00"
"DHK_X0043","0:58:00"
"DHK_X3436","5:18:00"
"DHK_X2004","5:21:00"
"CTG_X0063","1:12:00"
"CTG_X1920","2:43:00"
"DHK_G2195","5:44:00"
"DHK_X4026","2:24:00"
"DHK_X4372","1:15:00"
"SYL_X0057","2:24:00"
"SYL_X0292","2:23:00"
"SYL_X0113","4:17:00"
"SYL_X0167","4:18:00"
"DHK_X4891","3:00:00"
"CTG_X0502","4:20:00"
"CTG_G1272","0:56:00"
"CTG_X0106","3:55:00"
"DHK_R2636","1:08:00"
"RAJ_G0802","1:55:00"
"CTG_R1794","1:13:00"
"CTG_X0607","1:16:00"
"DHK_X0133","6:26:00"
"DHK_X0090","2:15:00"
"RAJ_X0256","4:10:00"
"RAJ_G1186","2:19:00"
"DHK_X2220","0:43:00"
"DHK_G3811","7:58:00"
"DHK_X2645","5:50:00"
"DHK_X0490","7:24:00"
"DHK_X0525","1:42:00"
"DHK_R6058","6:16:00"
"DHK_X1012","1:39:00"
"RAJ_X0061","1:28:00"
"RAJ_G0767","2:48:00"
"DHK_X1019","5:58:00"
"DHK_X2763","7:20:00"
"RAJ_G1027","6:50:00"
"SYL_G0102","7:42:00"
"DHK_X1250","1:15:00"
"DHK_X1119","0:51:00"
"DHK_X0136","1:46:00"
"CTG_G1118","7:40:00"
"CTG_W0295","5:49:00"
"DHK_X2285","4:18:00"
"DHK_X1163","1:52:00"
"DHK_X0391","3:34:00"
"DHK_G1303","0:11:00"
"DHK_X2254","0:04:00"
"DHK_R4224","2:52:00"
"CTG_G1116","2:45:00"
"DHK_X1951","7:06:00"
"DHK_X0469","6:53:00"
"DHK_X0301","5:40:00"
"CTG_X1596","3:07:00"
"DHK_R0993","6:20:00"
"DHK_X0283","4:40:00"
"DHK_X0268","2:16:00"
"DHK_X2015","1:38:00"
"DHK_X4777","1:24:00"
"DHK_R2427","6:51:00"
"SYL_X0144","0:56:00"
"DHK_X2686","3:22:00"
"CTG_R0026","5:45:00"
"CTG_X0442","2:02:00"
"CTG_X1162","1:26:00"
"DHK_G3798","4:09:00"
"DHK_X2093","7:01:00"
"CTG_X0438","6:48:00"
"DHK_X1980","2:13:00"
"DHK_X0824","3:38:00"
"DHK_X0443","2:01:00"
"CTG_G1129","4:45:00"
"DHK_X1846","4:52:00"
"DHK_X5160","4:22:00"
"DHK_R5599","1:35:00"
"DHK_X0877","4:04:00"
"DHK_X4934","2:14:00"
"DHK_X1825","3:58:00"
"DHK_R5576","7:37:00"
"DHK_R2711","4:21:00"
"DHK_R5462","2:50:00"
"DHK_R4204","2:32:00"
"DHK_X0292","2:33:00"
"DHK_X4090","0:55:00"
"DHK_X2267","0:52:00"
"DHK_X1765","0:47:00"
"DHK_G4246","5:58:00"
"RAJ_X0059","3:12:00"
"DHK_W3620","6:11:00"
"CTG_G1120","0:06:00"
"DHK_X3273","5:27:00"
"DHK_X4403","5:39:00"
"DHK_W4096","7:48:00"
"DHK_X0645","1:52:00"
"DHK_X0852","1:52:00"
"DHK_X2190","1:50:00"
"DHK_X2291","0:37:00"
"DHK_X1130","0:54:00"
"DHK_X0126","0:35:00"
"DHK_X4900","0:53:00"
"CTG_X1541","0:15:00"
"DHK_G3674","2:24:00"
"DHK_X4133","5:01:00"
"DHK_X1638","6:16:00"
"DHK_G5575","6:24:00"
"CTG_X0099","5:28:00"
"DHK_X0264","4:20:00"
"CTG_X0816","6:21:00"
"CTG_W0265","4:28:00"
"CTG_X1376","6:46:00"
"DHK_W5320","3:25:00"
"DHK_R4239","3:58:00"
"CTG_G1286","4:02:00"
"DHK_X3780","3:39:00"
"DHK_X1196","3:17:00"
"CTG_R1965","7:10:00"
"DHK_X0749","3:14:00"
"CTG_R1775","2:24:00"
"DHK_X0473","4:33:00"
"CTG_R0374","0:54:00"
"DHK_G3459","7:52:00"
"CTG_X0764","2:38:00"
"CTG_X0712","3:36:00"
"RAJ_G1080","7:38:00"
"BAR_G0057","1:45:00"
"SYL_X0349","3:10:00"
"DHK_R6583","6:40:00"
"DHK_X0563","0:53:00"
"BAR_G0290","6:41:00"
"DHK_X1894","1:24:00"
"DHK_X1136","1:24:00"
"DHK_X0321","5:44:00"
"DHK_X2217","3:48:00"
"DHK_X2104","4:34:00"
"DHK_X4151","3:38:00"
"DHK_X0836","1:26:00"
"DHK_X1930","2:25:00"
"DHK_X0281","1:19:00"
"DHK_X0669","7:15:00"
"DHK_W0125","0:55:00"
"DHK_X3548","6:55:00"
"DHK_X4378","2:46:00"
"RAJ_X0462","2:44:00"
"DHK_G3325","1:24:00"
"CTG_R0832","2:00:00"
"DHK_X1696","2:47:00"
"DHK_X0293","3:42:00"
"CTG_R1973","6:53:00"
"DHK_R5589","3:54:00"
"CTG_X0033","3:36:00"
"DHK_X0038","5:48:00"
"CTG_X0069","2:12:00"
"DHK_X1781","4:27:00"
"DHK_R6118","2:51:00"
"RAJ_G1505","3:37:00"
"DHK_X5526","6:11:00"
"DHK_X4367","1:09:00"
"BAR_R0595","5:56:00"
"DHK_X2078","0:32:00"
"DHK_X2203","0:17:00"
"DHK_X0386","3:10:00"
"DHK_X1112","1:59:00"
"DHK_X0257","6:32:00"
"DHK_X1969","2:01:00"
"DHK_R3896","5:26:00"
"DHK_X1050","5:14:00"
"BAR_X0120","1:50:00"
"DHK_X0853","0:42:00"
"CTG_X0694","3:02:00"
"DHK_X1713","1:03:00"
"CTG_X1674","3:18:00"
"DHK_X3877","1:09:00"
"DHK_X0310","3:39:00"
"DHK_R0655","0:46:00"
"DHK_X1624","4:39:00"
"DHK_X3452","1:28:00"
"CTG_G1881","6:50:00"
"DHK_X3615","7:12:00"
"CTG_X0010","3:08:00"
"DHK_X3757","3:33:00"
"DHK_X2781","4:40:00"
"DHK_W2250","3:56:00"
"DHK_X0615","1:16:00"
"DHK_X1758","3:19:00"
"DHK_X3517","2:36:00"
"DHK_X2050","6:01:00"
"DHK_X0360","5:52:00"
"DHK_X0088","1:32:00"
"DHK_R4542","1:06:00"
"DHK_X1901","2:01:00"
"DHK_X0649","0:32:00"
"CTG_X0691","1:53:00"
"CTG_X0235","2:42:00"
"DHK_G5023","0:20:00"
"DHK_W2027","4:54:00"
"SYL_X0011","5:58:00"
"DHK_X4314","2:44:00"
"RAJ_G1113","4:51:00"
"DHK_X1764","0:51:00"
"CTG_W1165","4:00:00"
"CTG_X0852","6:02:00"
"CTG_G1520","2:08:00"
"DHK_X1817","6:21:00"
"DHK_X3381","2:52:00"
"DHK_X0079","3:00:00"
"DHK_R1055","0:11:00"
"DHK_X1160","0:49:00"
"RAJ_G1705","1:38:00"
"CTG_R2012","1:28:00"
"DHK_X1084","3:46:00"
"DHK_R5045","0:28:00"
"DHK_X4044","0:30:00"
"CTG_X1773","6:56:00"
"DHK_G6241","1:05:00"
"DHK_G3647","0:11:00"
"CTG_X0079","2:46:00"
"DHK_G6278","0:31:00"
"DHK_X0110","2:23:00"
"DHK_X3350","6:31:00"
"DHK_X0714","1:12:00"
"DHK_X3594","4:57:00"
"DHK_X3870","6:55:00"
"RAJ_X0602","1:16:00"
"BAR_X0391","1:26:00"
"BAR_G0002","0:26:00"
"DHK_X2223","0:25:00"
"DHK_X2635","0:51:00"
"CTG_R2000","7:59:00"
"DHK_X0019","2:29:00"
"DHK_X1135","1:58:00"
"BAR_X0306","3:57:00"
"DHK_X0804","0:32:00"
"DHK_X0005","0:05:00"
"DHK_X4024","2:55:00"
"DHK_X1078","0:44:00"
"CTG_R1729","2:27:00"
"DHK_X4125","3:26:00"
"CTG_X0874","2:53:00"
"DHK_G4469","0:55:00"
"CTG_R1875","2:22:00"
"DHK_X2025","0:58:00"
"DHK_R3386","0:24:00"
"DHK_W4524","4:18:00"
"DHK_X2065","4:13:00"
"BAR_G0445","7:17:00"
"DHK_X0871","5:26:00"
"SYL_G0619","6:45:00"
"CTG_R1764","0:02:00"
"CTG_G1218","7:02:00"
"DHK_X1976","0:23:00"
"DHK_R3554","0:01:00"
"SYL_G0305","1:28:00"
"DHK_X1098","0:59:00"
"DHK_X2274","5:59:00"
"DHK_X0127","5:16:00"
"DHK_G3854","5:14:00"
"DHK_G4139","0:05:00"
"DHK_X1767","2:48:00"
"DHK_X0459","0:56:00"
"CTG_W1896","0:40:00"
"DHK_X1087","1:14:00"
"DHK_X5158","0:40:00"
"DHK_W3835","1:22:00"
"DHK_X2523","7:31:00"
"DHK_X3348","3:39:00"
"KHU_W0805","2:53:00"
"DHK_R4254","5:38:00"
"DHK_G5592","5:40:00"
"DHK_R6639","7:26:00"
"KHU_G1473","6:10:00"
"KHU_X0545","5:10:00"
"KHU_X0261","6:46:00"
"KHU_X1291","5:48:00"
"KHU_X0834","5:47:00"
"DHK_G4463","5:18:00"
"DHK_X5521","6:51:00"
"KHU_X0851","6:05:00"
"KHU_X1105","3:40:00"
"KHU_G0651","7:37:00"
"KHU_W1404","4:34:00"
"KHU_X0192","3:38:00"
"DHK_G4395","5:22:00"
"DHK_G5284","5:52:00"
"KHU_G0695","7:36:00"
"DHK_X0497","6:03:00"
"KHU_R1428","6:55:00"
"KHU_G1093","6:18:00"
"KHU_G1096","7:45:00"
"KHU_X0047","5:36:00"
"DHK_G3765","5:12:00"
"DHK_X0168","5:23:00"
"DHK_G5538","7:15:00"
"DHK_X5552","6:19:00"
"DHK_X2673","6:48:00"
"KHU_X0502","4:49:00"
"KHU_X0566","6:44:00"
"DHK_G4684","3:33:00"
"DHK_G4843","4:13:00"
"DHK_G5245","7:52:00"
"DHK_R0902","6:38:00"
"DHK_G4197","7:02:00"
"DHK_R4450","7:49:00"
"DHK_R4285","7:30:00"
"DHK_X2242","7:34:00"
"KHU_X1342","0:11:00"
"KHU_W1686","5:56:00"
"DHK_R2971","7:59:00"
"DHK_W3817","6:20:00"
"KHU_X1347","7:02:00"
"KHU_X1072","5:25:00"
"DHK_X2186","7:14:00"
"DHK_X0229","1:37:00"
"KHU_G1518","5:38:00"
"KHU_X1124","7:21:00"
"KHU_R1551","6:31:00"
"KHU_X0675","4:30:00"
"DHK_R0246","2:34:00"
"KHU_X1179","7:01:00"
"KHU_X1089","5:42:00"
"KHU_G0903","6:20:00"
"DHK_X0908","6:04:00"
"KHU_G1026","3:49:00"
"KHU_G0806","6:11:00"
"DHK_X4346","6:52:00"
"DHK_G2610","2:36:00"
"KHU_X0286","5:19:00"
"KHU_G0682","7:01:00"
"DHK_G5212","7:59:00"
"KHU_G1345","6:29:00"
"KHU_X1018","2:05:00"
"KHU_G1478","3:15:00"
"KHU_G0919","3:50:00"
"DHK_X4942","4:02:00"
"KHU_R0011","1:32:00"
"KHU_X1204","7:09:00"
"KHU_X0056","2:18:00"
"KHU_X0433","5:58:00"
"DHK_G3443","7:00:00"
"KHU_X1309","5:18:00"
"KHU_X0538","4:13:00"
"KHU_X0594","6:51:00"
"KHU_X1083","5:37:00"
"KHU_X0055","1:27:00"
"KHU_G1297","3:05:00"
"DHK_G3699","4:11:00"
"DHK_G2902","7:30:00"
"DHK_X2910","7:41:00"
"KHU_G0801","6:12:00"
"DHK_G5379","3:30:00"
"DHK_X0170","3:00:00"
"DHK_G4845","6:56:00"
"KHU_W0469","2:43:00"
"KHU_G1238","7:09:00"
"KHU_G0902","5:18:00"
"KHU_X1229","7:16:00"
"DHK_W3521","1:00:00"
"KHU_G0985","7:59:00"
"KHU_X0808","5:00:00"
"KHU_X0900","2:02:00"
"KHU_X0592","7:56:00"
"KHU_G1101","4:53:00"
"KHU_G1367","6:30:00"
"KHU_X1086","7:43:00"
"DHK_R4181","7:40:00"
"DHK_G4397","7:29:00"
"DHK_R4678","7:36:00"
"DHK_W3213","5:55:00"
"DHK_G4175","6:00:00"
"DHK_W5216","7:24:00"
"DHK_X5220","6:39:00"
"DHK_R5214","1:38:00"
"DHK_G4172","7:37:00"
"DHK_W5215","5:57:00"
"DHK_G4171","6:03:00"
"DHK_X3342","7:36:00"
"DHK_R5545","5:33:00"
"DHK_X0493","6:04:00"
"KHU_R1427","5:45:00"
"KHU_G1014","5:00:00"
"KHU_X1366","6:58:00"
"KHU_X0876","3:47:00"
"DHK_G4623","6:48:00"
"DHK_X4425","6:51:00"
"DHK_X5218","7:04:00"
"DHK_X5542","7:52:00"
"DHK_X4149","6:05:00"
"DHK_G0494","3:34:00"
"DHK_G5541","6:48:00"
"DHK_R4848","3:06:00"
"DHK_G4424","7:17:00"
"DHK_X4943","7:57:00"
"DHK_X1616","4:18:00"
"DHK_W1941","6:39:00"
"KHU_G0661","7:23:00"
"DHK_G3888","4:46:00"
"KHU_X1113","5:29:00"
"KHU_G1108","5:29:00"
"DHK_X3850","7:19:00"
"KHU_G1579","4:15:00"
"KHU_X0871","6:45:00"
"KHU_G1580","6:45:00"
"KHU_X0271","3:33:00"
"KHU_R1546","7:44:00"
"KHU_R1768","5:56:00"
"KHU_W0912","6:01:00"
"KHU_X0875","6:44:00"
"KHU_G1169","7:35:00"
"KHU_X0976","7:36:00"
"KHU_X0458","7:15:00"
"DHK_G3455","3:46:00"
"KHU_G1490","7:49:00"
"KHU_R1610","7:43:00"
"KHU_G1434","7:43:00"
"KHU_X0534","7:42:00"
"KHU_X0206","1:19:00"
"DHK_X4612","6:36:00"
"DHK_R4863","7:27:00"
"DHK_X4902","5:43:00"
"KHU_W0178","2:41:00"
"KHU_G1497","7:35:00"
"KHU_X1036","2:14:00"
"KHU_G1334","7:39:00"
"KHU_R1217","6:40:00"
"KHU_X0663","5:02:00"
"KHU_X1285","6:35:00"
"KHU_R1894","6:16:00"
"KHU_X0223","4:42:00"
"DHK_X5108","4:54:00"
"DHK_X1840","3:50:00"
"DHK_W3233","3:02:00"
"DHK_X2804","4:37:00"
"KHU_G1145","7:57:00"
"KHU_G1057","6:45:00"
"KHU_X0016","5:55:00"
"DHK_X0629","2:02:00"
"KHU_X0802","5:09:00"
"DHK_X2946","7:34:00"
"KHU_X0557","6:50:00"
"KHU_X1140","6:15:00"
"DHK_G5209","7:03:00"
"DHK_W5356","4:48:00"
"DHK_R2974","7:04:00"
"DHK_G5571","4:47:00"
"DHK_X2297","7:48:00"
"KHU_G0983","3:16:00"
"KHU_G1325","5:09:00"
"DHK_X5242","6:04:00"
"DHK_G3853","7:50:00"
"DHK_X0164","6:37:00"
"KHU_X0290","3:03:00"
"KHU_G1236","1:55:00"
"DHK_G5535","6:57:00"
"DHK_G4879","6:10:00"
"KHU_R1418","7:57:00"
"KHU_X1354","4:53:00"
"KHU_X1272","6:39:00"
"KHU_X0027","1:19:00"
"KHU_X0830","6:29:00"
"KHU_G1264","6:48:00"
"KHU_R1343","5:45:00"
"KHU_G1411","3:51:00"
"KHU_X0569","3:52:00"
"DHK_G5546","0:42:00"
"DHK_G4196","7:18:00"
"DHK_W2129","7:27:00"
"KHU_X0550","2:35:00"
"KHU_G1239","5:11:00"
"KHU_X1308","5:17:00"
"KHU_X0420","7:47:00"
"DHK_X3432","5:42:00"
"KHU_X0417","2:25:00"
"KHU_X0406","1:12:00"
"DHK_G2154","3:49:00"
"KHU_G1046","3:03:00"
"KHU_X1088","2:40:00"
"KHU_X0281","2:10:00"
"DHK_G5349","7:42:00"
"KHU_G1324","6:49:00"
"KHU_W1355","6:46:00"
"KHU_X0060","4:48:00"
"KHU_X0124","1:15:00"
"KHU_X0853","2:38:00"
"DHK_G3602","7:39:00"
"KHU_G0962","2:36:00"
"KHU_R1435","6:20:00"
"DHK_G3751","4:11:00"
"KHU_G1141","0:06:00"
"KHU_X1361","5:26:00"
"KHU_X0048","3:35:00"
"KHU_X0184","1:04:00"
"KHU_X0284","5:31:00"
"KHU_G1463","3:34:00"
"DHK_X0253","3:29:00"
"DHK_X2553","5:24:00"
"KHU_G1538","2:54:00"
"KHU_G0936","4:49:00"
"KHU_X1202","6:55:00"
"DHK_X0166","6:32:00"
"DHK_G4103","3:25:00"
"DHK_G3813","3:01:00"
"DHK_R5111","2:25:00"
"KHU_X0944","4:49:00"
"DHK_X3851","6:54:00"
"DHK_R2818","4:11:00"
"DHK_G4202","5:10:00"
"KHU_W0954","6:13:00"
"KHU_X0244","6:58:00"
"KHU_X0262","4:17:00"
"KHU_X0017","3:32:00"
"KHU_X0104","2:28:00"
"KHU_X0232","5:15:00"
"KHU_X1269","5:59:00"
"KHU_G1485","5:19:00"
"KHU_R1500","7:53:00"
"KHU_X0274","6:36:00"
"KHU_R1501","7:43:00"
"KHU_X0602","6:24:00"
"KHU_X1336","7:53:00"
"KHU_X1286","7:59:00"
"KHU_X0825","4:00:00"
"DHK_X5566","4:01:00"
"DHK_G2894","2:51:00"
"DHK_X2670","7:51:00"
"DHK_G5568","7:54:00"
"DHK_X5540","7:35:00"
"KHU_X0436","6:41:00"
"KHU_X0501","5:17:00"
"DHK_X5112","6:57:00"
"KHU_W1872","7:59:00"
"KHU_X0492","5:23:00"
"DHK_X4825","7:09:00"
"KHU_G1408","3:16:00"
"KHU_G1479","7:46:00"
"KHU_G1519","7:24:00"
"KHU_X0425","5:42:00"
"KHU_W1011","4:40:00"
"KHU_X1210","5:20:00"
"KHU_R1453","2:52:00"
"KHU_X0189","6:40:00"
"DHK_G4876","6:43:00"
"KHU_G1025","6:18:00"
"KHU_X0517","7:22:00"
"DHK_X5585","5:18:00"
"DHK_X4153","5:54:00"
"DHK_W5597","6:40:00"
"DHK_X3234","6:42:00"
"DHK_G5253","7:55:00"
"DHK_G3837","1:46:00"
"DHK_G4324","7:18:00"
"KHU_X1044","6:57:00"
"KHU_X0161","4:45:00"
"KHU_R1776","6:02:00"
"KHU_G1144","7:38:00"
"KHU_G0960","6:51:00"
"DHK_X5508","6:00:00"
"KHU_X0494","6:32:00"
"KHU_X0032","3:01:00"
"DHK_X0495","2:36:00"
"KHU_W0925","3:03:00"
"KHU_X0591","3:39:00"
"KHU_X0478","5:09:00"
"DHK_G5530","3:52:00"
"DHK_G5533","6:03:00"
"DHK_R2900","6:06:00"
"KHU_G0585","5:33:00"
"DHK_R6091","3:01:00"
"KHU_X0668","5:17:00"
"KHU_R1290","5:34:00"
"KHU_W1032","5:51:00"
"DHK_X3240","6:24:00"
"KHU_X1016","3:23:00"
"DHK_G5539","7:24:00"
"DHK_G3803","7:09:00"
"DHK_R4281","7:09:00"
"DHK_R4287","7:10:00"
"DHK_G2940","7:02:00"
"DHK_X5113","7:39:00"
"DHK_X2143","7:12:00"
"DHK_W5114","6:27:00"
"KHU_X0169","5:01:00"
"KHU_R0063","7:17:00"
"DHK_X3444","7:19:00"
"KHU_G1482","3:41:00"
"KHU_X0224","0:57:00"
"DHK_R5208","6:56:00"
"DHK_R4294","7:31:00"
"KHU_X1382","2:24:00"
"KHU_G0965","4:49:00"
"KHU_X0893","5:13:00"
"KHU_G0031","0:53:00"
"KHU_X1184","6:46:00"
"KHU_G1235","5:32:00"
"DHK_X5559","3:05:00"
"KHU_G1536","7:26:00"
"DHK_X3535","6:05:00"
"DHK_X0609","7:49:00"
"KHU_X0481","6:45:00"
"KHU_X0843","7:04:00"
"DHK_G5562","6:10:00"
"KHU_G1529","7:51:00"
"KHU_X0089","1:33:00"
"KHU_X0227","0:52:00"
"KHU_X0228","7:26:00"
"DHK_X5506","5:35:00"
"KHU_G1491","3:25:00"
"KHU_G1225","6:51:00"
"KHU_X0643","4:26:00"
"KHU_X0007","4:23:00"
"KHU_X0013","6:34:00"
"KHU_G0981","1:04:00"
"DHK_G5255","7:09:00"
"KHU_R1711","5:40:00"
"DHK_G4840","5:36:00"
"KHU_X0285","4:42:00"
"KHU_G1554","6:06:00"
"DHK_G5246","0:28:00"
"KHU_X0601","6:22:00"
"KHU_X1004","0:46:00"
"KHU_G1548","2:23:00"
"DHK_G4618","7:05:00"
"DHK_X4701","7:48:00"
"KHU_X0275","2:47:00"
"KHU_G1180","0:08:00"
"DHK_R6190","2:41:00"
"DHK_X5294","6:01:00"
"DHK_X5515","6:02:00"
"KHU_X1091","7:39:00"
"KHU_X1067","6:24:00"
"KHU_X0157","5:12:00"
"DHK_G4180","6:21:00"
"KHU_X0526","6:58:00"
"DHK_G3812","3:01:00"
"KHU_G0984","2:29:00"
"KHU_X0556","6:36:00"
"KHU_G1087","0:16:00"
"KHU_W0970","0:54:00"
"KHU_X1320","2:36:00"
"KHU_X0800","6:53:00"
"KHU_X0012","0:28:00"
"DHK_G5099","1:45:00"
"KHU_W0868","1:20:00"
"KHU_G1455","2:33:00"
"KHU_X0037","6:49:00"
"KHU_R1511","5:47:00"
"DHK_R4274","0:30:00"
"DHK_R6004","2:02:00"
"KHU_G1047","0:12:00"
"KHU_G1162","1:47:00"
"DHK_G3645","1:15:00"
"KHU_X0459","0:35:00"
"DHK_X5133","0:15:00"
"DHK_X1148","0:29:00"
"DHK_R2480","4:19:00"
"DHK_R6238","3:10:00"
"DHK_G4603","5:20:00"
"CTG_G1914","7:37:00"
"DHK_R2877","1:14:00"
"SYL_X0075","6:03:00"
"DHK_X3592","0:06:00"
"DHK_G4713","7:54:00"
"DHK_X4056","1:13:00"
"DHK_X4615","3:19:00"
"DHK_G3396","0:33:00"
"DHK_X0700","0:54:00"
"CTG_X0846","1:16:00"
"DHK_G3646","5:31:00"
"CTG_X1316","6:22:00"
"DHK_X2579","1:33:00"
"DHK_X1546","2:34:00"
"DHK_X3398","0:08:00"
"CTG_X0513","0:54:00"
"DHK_R3513","3:56:00"
"CTG_X0693","3:16:00"
"BAR_X0385","2:57:00"
"DHK_X1858","7:47:00"
"DHK_G3688","0:28:00"
"DHK_X1885","5:16:00"
"DHK_X5299","0:19:00"
"RAJ_G1269","2:24:00"
"DHK_X2049","0:46:00"
"DHK_X0578","5:37:00"
"CTG_X1080","1:43:00"
"DHK_X3856","1:58:00"
"DHK_R1286","1:36:00"
"DHK_G1406","2:41:00"
"BAR_G0142","0:03:00"
"RAJ_G1023","4:49:00"
"CTG_R1958","7:14:00"
"DHK_X1603","6:23:00"
"DHK_X0808","0:01:00"
"SYL_G0626","7:33:00"
"CTG_G1834","4:35:00"
"DHK_G0876","5:32:00"
"DHK_X4283","1:49:00"
"DHK_X0232","2:53:00"
"CTG_X0927","2:29:00"
"CTG_W1864","7:43:00"
"CTG_R1998","3:48:00"
"DHK_R5344","1:47:00"
"CTG_R1906","3:21:00"
"CTG_X0610","1:44:00"
"DHK_X3533","2:20:00"
"DHK_X0020","1:05:00"
"DHK_X0303","0:47:00"
"CTG_W1578","6:08:00"
"DHK_X1945","0:03:00"
"CTG_X0815","1:07:00"
"CTG_X0744","4:26:00"
"CTG_R2032","4:22:00"
"DHK_R1488","1:47:00"
"DHK_X0407","0:53:00"
"CTG_X1384","0:30:00"
"CTG_R0368","7:28:00"
"DHK_G3859","1:34:00"
"SYL_G0298","0:23:00"
"BAR_R0455","0:47:00"
"CTG_G1259","3:33:00"
"RAJ_X0244","1:35:00"
"CTG_G1114","1:41:00"
"CTG_W0902","0:42:00"
"KHU_X1369","7:22:00"
"KHU_W1372","0:45:00"
"KHU_X1056","0:14:00"
"KHU_X1168","2:27:00"
"KHU_X1322","6:55:00"
"KHU_X1136","0:25:00"
"KHU_G0511","1:00:00"
"KHU_X0518","1:41:00"
"KHU_G0929","0:18:00"
"DHK_G2949","2:54:00"
"KHU_X1008","5:02:00"
"KHU_G1574","5:58:00"
"KHU_R1826","0:36:00"
"KHU_G1356","0:15:00"
"KHU_R1499","1:17:00"
"DHK_R2895","5:52:00"
"KHU_R1171","1:51:00"
"KHU_X1064","0:20:00"
"DHK_X5643","0:32:00"
"DHK_X1979","1:40:00"
"DHK_X0726","2:10:00"
"SYL_X0151","5:21:00"
"BAR_G0381","0:01:00"
"BAR_X0264","0:06:00"
"DHK_R6164","3:25:00"
"DHK_G5226","7:12:00"
"CTG_X1332","2:55:00"
"DHK_G5229","2:29:00"
"CTG_X0327","1:43:00"
"CTG_X2010","0:06:00"
"DHK_X5182","5:42:00"
"DHK_R5119","0:20:00"
"DHK_X5634","1:06:00"
"CTG_W1681","0:29:00"
"CTG_X0362","0:21:00"
"DHK_X3236","5:27:00"
"DHK_X1931","0:24:00"
"SYL_G0299","1:04:00"
"DHK_X3690","0:16:00"
"CTG_X0298","0:06:00"
"DHK_X3374","3:44:00"
"DHK_X0058","0:49:00"
"DHK_X0809","0:09:00"
"DHK_R5322","0:15:00"
"CTG_X1368","6:19:00"
"CTG_X0060","1:10:00"
"RAJ_X0596","0:01:00"
"DHK_X3435","1:08:00"
"DHK_X1933","2:58:00"
"DHK_G3655","0:31:00"
"DHK_G3885","7:37:00"
"DHK_R5646","1:46:00"
"DHK_X0597","3:24:00"
"DHK_X0397","0:12:00"
"CTG_R0105","0:01:00"
"DHK_R2760","7:33:00"
"DHK_X2048","1:59:00"
"DHK_X3303","2:44:00"
"KHU_G1464","6:29:00"
"DHK_X4300","2:58:00"
"DHK_G3572","0:29:00"
"KHU_G0950","0:03:00"
"KHU_X0421","0:17:00"
"KHU_X0977","6:23:00"
"KHU_G1163","0:30:00"
"KHU_R1550","0:04:00"
"KHU_G1362","4:51:00"
"KHU_G1472","2:08:00"
"DHK_G5217","1:58:00"
"KHU_X1349","0:55:00"
"DHK_X0832","0:24:00"
"DHK_X4327","2:05:00"
"DHK_X0054","0:19:00"
"DHK_R4690","1:47:00"
"CTG_G1261","2:37:00"
"CTG_X1324","0:36:00"
"DHK_X0475","0:18:00"
"DHK_X1861","1:29:00"
"SYL_X0253","7:17:00"
"CTG_X0167","1:23:00"
"CTG_G0250","2:29:00"
"DHK_X3678","0:53:00"
"CTG_G1366","0:31:00"
"CTG_X0893","0:58:00"
"DHK_X0184","0:00:00"
"DHK_X3288","0:44:00"
"DHK_R0515","0:06:00"
"DHK_X1897","0:37:00"
"CTG_G1119","5:07:00"
"DHK_X0272","0:55:00"
"DHK_X1957","0:22:00"
"DHK_X3291","0:25:00"
"DHK_X0405","0:33:00"
"DHK_X0831","0:22:00"
"DHK_G5287","2:41:00"
"DHK_X0699","0:32:00"
"BAR_R0412","0:03:00"
"CTG_X1389","0:49:00"
"SYL_W0121","0:50:00"
"DHK_R2938","4:36:00"
"CTG_R2007","0:17:00"
"DHK_R3238","0:06:00"
"CTG_X0895","1:02:00"
"DHK_G2836","3:08:00"
"SYL_X0088","1:21:00"
"DHK_R2932","0:22:00"
"KHU_G1010","0:32:00"
"DHK_G3683","1:53:00"
"DHK_X5655","1:25:00"
"KHU_X0837","6:22:00"
"DHK_G4183","2:24:00"
"KHU_R1498","0:46:00"
"KHU_X1221","0:10:00"
"KHU_R1543","1:39:00"
"DHK_R3763","0:22:00"
"KHU_X1084","0:00:00"
"KHU_R1542","0:07:00"
"KHU_X0570","0:19:00"
"DHK_G3725","0:14:00"
"KHU_X0564","0:44:00"
"KHU_X0872","0:46:00"
