"site","counts"
"DHK_X4283","1"
"BAR_X0397","91"
"BAR_G0320","4"
"BAR_G0418","28"
"BAR_W0486","8"
"BAR_R0450","2"
"BAR_X0198","8"
"BAR_X0344","2"
"BAR_X0024","1"
"BAR_G0287","11"
"BAR_G0414","2"
"BAR_X0167","16"
"BAR_G0259","56"
"BAR_R0595","11"
"BAR_G0286","4"
"BAR_X0163","2"
"BAR_X0457","6"
"BAR_X0253","4"
"BAR_X0042","3"
"BAR_G0420","9"
"BAR_G0266","3"
"BAR_X0305","5"
"BAR_X0205","6"
"BAR_R0426","6"
"BAR_X0213","17"
"BAR_X0204","15"
"BAR_X0380","12"
"BAR_G0382","13"
"BAR_X0159","4"
"BAR_X0456","3"
"BAR_G0275","6"
"BAR_X0099","15"
"BAR_X0363","10"
"BAR_X0165","5"
"BAR_X0063","2"
"BAR_G0057","16"
"CTG_R1902","6"
"CTG_R1793","15"
"CTG_W0714","53"
"CTG_R1906","4"
"CTG_R1875","13"
"CTG_R1767","80"
"CTG_G0767","17"
"CTG_W1388","1"
"CTG_X0726","18"
"CTG_G1241","47"
"CTG_R0368","44"
"CTG_G1282","1"
"CTG_G1285","5"
"CTG_R1703","4"
"CTG_X1690","8"
"CTG_X1337","1"
"CTG_G1235","38"
"CTG_X1162","4"
"CTG_X1594","3"
"CTG_X0405","1"
"CTG_G1513","7"
"CTG_X0854","6"
"CTG_X0685","2"
"CTG_G1634","7"
"CTG_X0669","8"
"CTG_G1395","28"
"CTG_X0096","4"
"CTG_G1677","71"
"CTG_G1520","5"
"CTG_X1917","49"
"CTG_R1823","10"
"CTG_X0878","9"
"CTG_X1661","11"
"CTG_G1907","1"
"CTG_G1848","2"
"CTG_X0910","3"
"CTG_R1921","8"
"CTG_G1150","3"
"CTG_X1644","10"
"CTG_G0250","10"
"CTG_R0309","14"
"CTG_W1909","2"
"DHK_G4911","3"
"DHK_X3517","19"
"DHK_X0653","2"
"DHK_X3419","2"
"DHK_X5632","2"
"DHK_X1933","6"
"DHK_G6241","1"
"DHK_G6069","32"
"DHK_X1606","1"
"DHK_X1546","2"
"DHK_G3854","9"
"DHK_X4939","18"
"DHK_R1898","1"
"DHK_X0195","16"
"DHK_G3798","19"
"DHK_X0991","1"
"DHK_X3678","5"
"DHK_X2536","14"
"DHK_X0376","16"
"DHK_X0648","2"
"DHK_X4133","1"
"DHK_R4233","50"
"DHK_W6253","12"
"DHK_X2233","4"
"DHK_X4367","12"
"DHK_X4068","8"
"DHK_R5462","9"
"DHK_X4056","9"
"DHK_X4151","8"
"DHK_R2807","4"
"DHK_X1088","49"
"DHK_X3503","1"
"DHK_X3690","19"
"DHK_X1957","20"
"DHK_X1117","6"
"DHK_X2067","23"
"DHK_X0418","23"
"DHK_X0860","22"
"DHK_X0303","4"
"DHK_X1949","14"
"DHK_X0343","4"
"DHK_X2075","1"
"DHK_X3890","8"
"DHK_X0649","7"
"DHK_X2068","1"
"DHK_R5589","8"
"DHK_X1951","2"
"DHK_R1646","1"
"DHK_X1969","17"
"DHK_X0291","4"
"DHK_X1098","1"
"DHK_X1826","2"
"DHK_X0462","2"
"DHK_X4020","2"
"DHK_X0461","2"
"DHK_X0346","1"
"DHK_R1286","13"
"DHK_W5171","3"
"DHK_X0066","2"
"DHK_X0398","5"
"DHK_R4244","13"
"DHK_R6190","74"
"DHK_R5208","13"
"DHK_G3853","80"
"DHK_G4424","20"
"DHK_W5597","2"
"DHK_X1616","8"
"DHK_G5535","31"
"DHK_X5242","7"
"DHK_G5541","7"
"DHK_X3240","84"
"DHK_X2292","1"
"DHK_G6180","13"
"DHK_X4361","1"
"DHK_X4101","26"
"DHK_X4765","12"
"DHK_G4666","5"
"DHK_W2858","3"
"DHK_X2943","4"
"DHK_X4723","5"
"DHK_X1914","3"
"DHK_X2809","3"
"DHK_X3525","6"
"DHK_G3655","27"
"DHK_X0669","5"
"DHK_X5205","2"
"DHK_X2046","11"
"DHK_X1869","2"
"DHK_X4327","14"
"DHK_X0554","14"
"DHK_X0535","8"
"DHK_X2737","6"
"DHK_G5200","53"
"DHK_X3823","1"
"DHK_X2220","2"
"DHK_R4240","14"
"DHK_G4213","4"
"DHK_X5615","1"
"DHK_R5291","204"
"DHK_X5228","20"
"DHK_X5258","31"
"DHK_X2593","11"
"DHK_R2877","12"
"DHK_G5501","14"
"DHK_G4164","102"
"DHK_X2528","5"
"DHK_X0610","1"
"DHK_W2568","2"
"DHK_R6123","5"
"DHK_X1004","1"
"DHK_X4371","5"
"DHK_R0993","2"
"DHK_X0990","6"
"DHK_R3148","7"
"DHK_X1793","5"
"DHK_X5594","31"
"DHK_R2743","1"
"DHK_X0525","1"
"DHK_X1626","6"
"DHK_X2604","1"
"DHK_X0397","6"
"DHK_X1619","1"
"DHK_X3273","8"
"DHK_W2184","7"
"DHK_X2156","5"
"DHK_X1196","9"
"DHK_R2731","9"
"DHK_X0453","13"
"DHK_X1051","14"
"DHK_G6078","1"
"DHK_X0206","2"
"DHK_R6157","1"
"DHK_G2842","2"
"DHK_G2195","1"
"DHK_X3304","38"
"DHK_R3701","65"
"KHU_X0017","8"
"KHU_G0500","142"
"KHU_X0566","4"
"KHU_G1163","9"
"KHU_X1064","4"
"KHU_X0262","3"
"KHU_X1382","1"
"KHU_G0919","16"
"KHU_G1235","17"
"KHU_G1101","28"
"KHU_X0206","12"
"KHU_G0903","43"
"KHU_G1548","38"
"KHU_G1518","20"
"KHU_G1491","1"
"KHU_X0583","2"
"KHU_R1290","2"
"KHU_X0526","39"
"KHU_X0675","7"
"KHU_X0834","3"
"KHU_X0281","1"
"KHU_R1277","14"
"KHU_W1011","39"
"KHU_X1272","15"
"KHU_R1427","8"
"KHU_X0290","70"
"KHU_X0478","34"
"KHU_X0663","7"
"KHU_X0570","2"
"KHU_G1108","1"
"KHU_R1511","21"
"KHU_G1379","2"
"KHU_R1551","2"
"KHU_X0800","3"
"KHU_W0805","18"
"KHU_X0851","2"
"KHU_R1542","5"
"KHU_X1184","1"
"RAJ_G0889","39"
"RAJ_X0014","11"
"RAJ_G1223","8"
"RAJ_X1225","2"
"RAJ_G0974","5"
"RAJ_W0689","1"
"RAJ_W1194","2"
"RAJ_X0623","1"
"RAJ_G1178","32"
"RAJ_G1478","59"
"RAJ_G1483","45"
"RAJ_G0878","6"
"RAJ_G0785","1"
"RAJ_G0553","4"
"RAJ_G1623","2"
"SYL_G0421","6"
"SYL_G0406","1"
"SYL_G0467","17"
"SYL_X0144","1"
"SYL_X0554","5"
"SYL_X0393","13"
"SYL_X0502","1"
"SYL_X0293","1"
"SYL_G0440","8"
"SYL_X0054","1"
"BAR_X0280A","1"
"BAR_X0280","1"
"BAR_G0377","15"
"BAR_X0037","3"
"BAR_G0290","53"
"BAR_G0390","16"
"BAR_W0360","1"
"BAR_G0303","1"
"BAR_X0125","10"
"BAR_X0184","3"
"CTG_G1272","3"
"CTG_X0062","1"
"CTG_X0525","3"
"CTG_R1818","12"
"CTG_X0012","3"
"CTG_G0668","33"
"CTG_G1400","61"
"CTG_X0236","5"
"CTG_X1591","9"
"CTG_X1629","2"
"CTG_G1521","44"
"CTG_X0541","1"
"CTG_X0300","5"
"CTG_X2010","24"
"CTG_X1171","1"
"CTG_G1067","70"
"CTG_G1120","2"
"CTG_W1578","11"
"CTG_X0234","2"
"CTG_X0494","4"
"CTG_R2415","33"
"CTG_W0102","8"
"CTG_W1315","2"
"CTG_X0645","1"
"DHK_R4685","2"
"DHK_X4021","18"
"DHK_X4934","5"
"DHK_X4854","5"
"DHK_X1697","14"
"DHK_R0981","18"
"DHK_X0123","1"
"DHK_X4402","3"
"DHK_X4234","2"
"DHK_X0732","1"
"DHK_X0148","2"
"DHK_X0405","6"
"DHK_R4292","2"
"DHK_R3151","5"
"DHK_X5590","5"
"DHK_X0184","24"
"DHK_X3866","13"
"DHK_R5595","97"
"DHK_X1041","2"
"DHK_X1111","3"
"DHK_R6583","4"
"DHK_X1008","1"
"DHK_X0127","6"
"DHK_G3330","30"
"DHK_X1095","12"
"DHK_X1683","15"
"DHK_X5521","3"
"DHK_G5245","3"
"DHK_X5585","9"
"DHK_G3888","10"
"DHK_R4254","3"
"DHK_X0495","3"
"DHK_G4684","15"
"DHK_X2670","7"
"DHK_R6091","2"
"DHK_G5571","1"
"DHK_X1771","1"
"DHK_G3855","2"
"DHK_X3327","3"
"DHK_X0536","5"
"DHK_X3657","9"
"DHK_X3565","10"
"DHK_X4742","3"
"DHK_X4896","3"
"DHK_X5648","5"
"DHK_W0846","2"
"DHK_X2082","3"
"DHK_G3785","4"
"DHK_X1776","2"
"DHK_X3279","3"
"DHK_G0966","4"
"DHK_X1188","1"
"DHK_X2047","3"
"DHK_R5078","4"
"DHK_X2137","1"
"DHK_X4076","1"
"DHK_X3731","3"
"DHK_G5023","13"
"DHK_G3834","12"
"DHK_X4003","1"
"DHK_R4752","31"
"DHK_G3721","2"
"DHK_X0334","4"
"DHK_X4153","10"
"DHK_R2570","47"
"DHK_X2640","3"
"DHK_R3959","2"
"DHK_G3631","4"
"DHK_X4399","10"
"DHK_G5523","11"
"DHK_X5555","5"
"DHK_G4467","10"
"DHK_G3390","25"
"DHK_G4116","3"
"DHK_X1604","13"
"DHK_X1165","14"
"DHK_G2874","45"
"DHK_X5510","13"
"DHK_X5525","8"
"DHK_R3386","10"
"DHK_G5275","2"
"DHK_X1195","3"
"DHK_X2752","6"
"DHK_X5274","3"
"DHK_G3205","4"
"DHK_X2840","1"
"DHK_X3405","10"
"DHK_G4130","24"
"DHK_X5176","4"
"DHK_G2444","13"
"DHK_R2445","4"
"DHK_X3816","6"
"DHK_X3241","2"
"DHK_X0873","3"
"DHK_X0676","1"
"DHK_X0589","1"
"DHK_X2243","3"
"DHK_X2043","2"
"DHK_R3915","33"
"DHK_X2678","36"
"DHK_G4603","3"
"DHK_G2833","12"
"DHK_G5231","6"
"DHK_X2011","5"
"DHK_G3807","6"
"DHK_W5137","1"
"DHK_R5054","2"
"DHK_X2788","8"
"DHK_W3833","1"
"DHK_G5250","1"
"DHK_G2872","1"
"DHK_X2936","4"
"DHK_X2502","17"
"KHU_G1464","22"
"KHU_X0564","6"
"KHU_X0668","12"
"KHU_G0985","8"
"KHU_X0944","19"
"KHU_X1072","14"
"KHU_R0011","21"
"KHU_X1202","2"
"KHU_G1014","1"
"KHU_G1225","5"
"KHU_X0261","2"
"KHU_X0893","5"
"RAJ_G1124","14"
"RAJ_G1765","10"
"RAJ_X0033","2"
"RAJ_X1281","9"
"RAJ_G0858","1"
"RAJ_R1660","2"
"RAJ_G0900","4"
"RAJ_G1485","56"
"RAJ_G1024","2"
"RAJ_X0079","6"
"SYL_X0135","3"
"SYL_X0013","2"
"SYL_G0302","19"
"SYL_G0507","4"
"SYL_X0097","3"
"SYL_X0015","1"
"SYL_X0026","6"
"SYL_G0296","5"
"SYL_X0006","16"
"SYL_R0588","6"
"SYL_G0619","8"
"BAR_G0157","5"
"BAR_X0191","2"
"BAR_X0039","4"
"BAR_X0386","3"
"CTG_R1827","19"
"CTG_R0026","12"
"CTG_R1184","9"
"CTG_X0141","4"
"CTG_X0185","3"
"CTG_X0438","3"
"CTG_R0021","4"
"CTG_G1258","6"
"CTG_G1259","31"
"CTG_G1273","2"
"CTG_X0086","3"
"CTG_X0025","2"
"CTG_X0059","4"
"CTG_R1794","4"
"CTG_G1238","2"
"CTG_R1973","25"
"CTG_X0308","3"
"CTG_R1729","1"
"CTG_X1758","1"
"CTG_G1343","6"
"CTG_X0466","1"
"CTG_G1261","1"
"CTG_G1256","2"
"CTG_X1341","1"
"CTG_X1730","1"
"CTG_X1596","1"
"CTG_G1292","8"
"CTG_X0813","6"
"CTG_X1391","20"
"CTG_X0819","3"
"CTG_X0232","7"
"CTG_X1368","7"
"CTG_X1657","8"
"CTG_X0646","21"
"CTG_X0037","13"
"CTG_X1070","2"
"CTG_X1386","3"
"CTG_W1864","25"
"CTG_G1129","1"
"CTG_X0036","10"
"CTG_X0511","3"
"CTG_X0691","2"
"CTG_X0088","2"
"CTG_X0038","2"
"CTG_X0481","5"
"CTG_X0808","2"
"CTG_G1835","4"
"CTG_X1589","2"
"CTG_X0352","11"
"CTG_G1101","1"
"CTG_R0160","5"
"CTG_R2049","6"
"CTG_X0331","12"
"CTG_X1025","12"
"CTG_X0817","3"
"CTG_X0852","5"
"CTG_X0664","5"
"DHK_X2025","8"
"DHK_X0128","4"
"DHK_X4211","1"
"DHK_X4633","4"
"DHK_X2289","1"
"DHK_X4644","2"
"DHK_X4178","1"
"DHK_X0832","1"
"DHK_G0876","2"
"DHK_X2684","7"
"DHK_X3486","8"
"DHK_X0316","1"
"DHK_X1603","1"
"DHK_X1136","5"
"DHK_G3446","20"
"DHK_R3146","2"
"DHK_X4813","2"
"DHK_R4224","10"
"DHK_X3822","10"
"DHK_R2636","24"
"DHK_X0409","54"
"DHK_R4088","4"
"DHK_X4325","3"
"DHK_X2232","19"
"DHK_X0852","19"
"DHK_X0645","17"
"DHK_X0105","41"
"DHK_G4175","6"
"DHK_W3817","5"
"DHK_R2971","7"
"DHK_G3699","27"
"DHK_X3432","4"
"DHK_X4231","6"
"DHK_R2371","18"
"DHK_G4124","6"
"DHK_X0839","2"
"DHK_R1159","1"
"DHK_G5288","9"
"DHK_X0133","1"
"DHK_R2696","3"
"DHK_G5587","13"
"DHK_X1765","14"
"DHK_R4239","6"
"DHK_G3583","9"
"DHK_R3264","6"
"DHK_X1666","5"
"DHK_G4118","9"
"DHK_X2859","7"
"DHK_X4255","2"
"DHK_G2836","2"
"DHK_X0486","8"
"DHK_X3353","1"
"DHK_X4207","17"
"DHK_X3348","11"
"DHK_X1715","20"
"DHK_X0136","2"
"DHK_G3885","21"
"DHK_G4150","2"
"DHK_G3889","1"
"DHK_X3643","1"
"DHK_G3456","1"
"DHK_X2167","4"
"DHK_X2059","1"
"DHK_W3620","1"
"KHU_X0189","4"
"KHU_X0481","4"
"KHU_G1144","2"
"KHU_R1610","39"
"KHU_G1025","2"
"KHU_X0433","1"
"KHU_X1361","3"
"KHU_G1362","3"
"KHU_W0997","9"
"KHU_R1498","5"
"KHU_W0469","5"
"KHU_R1546","7"
"KHU_X1016","9"
"KHU_W1032","5"
"KHU_G1482","1"
"RAJ_G0802","24"
"RAJ_G1107","23"
"RAJ_G1009","4"
"RAJ_G0822","17"
"RAJ_G0787","4"
"RAJ_G1484","1"
"RAJ_G1177","6"
"RAJ_X1441","11"
"RAJ_X0349","6"
"SYL_X0036","1"
"SYL_X0639","8"
"SYL_X0113","11"
"SYL_X0057","6"
"BAR_X0028","19"
"BAR_G0398","7"
"BAR_G0379","12"
"BAR_G0458","7"
"BAR_X0296","3"
"BAR_X0027","9"
"BAR_G0269","26"
"BAR_X0454","8"
"BAR_R0455","2"
"BAR_G0530","6"
"BAR_X0183","4"
"BAR_G0273","14"
"BAR_X0389","5"
"BAR_X0132","2"
"BAR_X0012","3"
"BAR_G0394","4"
"BAR_X0095","1"
"BAR_X0317","3"
"CTG_X0069","11"
"CTG_R0374","1"
"CTG_W0727","8"
"CTG_X0153","10"
"CTG_X0478","8"
"CTG_X0369","8"
"CTG_X0609","2"
"CTG_X0289","2"
"CTG_X0330","1"
"CTG_X1806","3"
"CTG_X1090","3"
"CTG_X0371","1"
"CTG_X1692","1"
"CTG_W0293","2"
"CTG_X0729","1"
"CTG_X0607","5"
"CTG_X0147","3"
"CTG_X1817","1"
"CTG_G0812","6"
"CTG_X1546","3"
"CTG_X0814","5"
"CTG_X1327","4"
"CTG_X1528","6"
"CTG_X0830","2"
"CTG_X0512","2"
"CTG_X1832","7"
"CTG_X0693","7"
"CTG_X1394","10"
"CTG_X0697","6"
"CTG_W1838","5"
"CTG_X1898","24"
"CTG_X0638","18"
"CTG_W1910","14"
"CTG_X0249","2"
"CTG_X0842","2"
"CTG_X0262","1"
"CTG_X0128","4"
"CTG_X0263","13"
"DHK_X4378","4"
"DHK_X0269","4"
"DHK_X3780","2"
"DHK_X1882","1"
"DHK_R2427","2"
"DHK_X0714","7"
"DHK_X2090","1"
"DHK_X2587","1"
"DHK_R2480","9"
"DHK_G3746","5"
"DHK_X1855","7"
"DHK_X3773","4"
"DHK_R2487","1"
"DHK_R5190","7"
"DHK_X0107","3"
"DHK_X3435","1"
"DHK_X1637","3"
"DHK_X0404","6"
"DHK_X1977","2"
"DHK_X3548","2"
"DHK_X0877","4"
"DHK_R4594","2"
"DHK_X0836","6"
"DHK_X1022","7"
"DHK_X1894","7"
"DHK_X0808","31"
"DHK_X1713","14"
"DHK_X1896","3"
"DHK_X2203","32"
"DHK_G4172","8"
"DHK_G4395","29"
"DHK_R2974","18"
"DHK_X2297","11"
"DHK_G2949","22"
"DHK_X2804","10"
"DHK_X5293","10"
"DHK_R6004","8"
"DHK_R4294","16"
"DHK_G4876","21"
"DHK_G5534","16"
"DHK_X5552","4"
"DHK_R4863","3"
"DHK_X4300","3"
"DHK_G4324","6"
"DHK_G2902","3"
"DHK_G5546","6"
"DHK_X3851","7"
"DHK_X2910","3"
"DHK_X2049","10"
"DHK_X5540","11"
"DHK_X5294","16"
"DHK_X4701","4"
"DHK_R4263","3"
"DHK_G3725","10"
"DHK_G4618","3"
"DHK_X2946","2"
"DHK_G4196","1"
"DHK_X5526","2"
"DHK_G4197","15"
"DHK_G5246","2"
"DHK_W5320","1"
"DHK_W4096","3"
"DHK_R2439","4"
"DHK_X2135","1"
"DHK_G5050","1"
"DHK_X5160","9"
"DHK_R5599","1"
"DHK_X3498","8"
"DHK_X1846","4"
"DHK_X4044","1"
"DHK_X0690","1"
"DHK_G3578","4"
"DHK_G2062","1"
"DHK_R5192","3"
"DHK_W0125","9"
"DHK_X4243","2"
"DHK_G3459","1"
"DHK_G2897","2"
"DHK_X5553","2"
"DHK_X2812","3"
"DHK_X2621","2"
"DHK_G5223","2"
"DHK_X2839","3"
"DHK_X2132","2"
"DHK_X5266","4"
"DHK_X4037","7"
"DHK_X3825","2"
"DHK_R3601","4"
"DHK_X3736","3"
"DHK_X0268","2"
"DHK_X1750","1"
"DHK_X3293","3"
"DHK_X1629","2"
"DHK_X1049","1"
"DHK_X0975","2"
"DHK_X1865","3"
"DHK_R6075","6"
"DHK_X2770","2"
"DHK_G4619","4"
"DHK_G5229","15"
"DHK_X4500","10"
"DHK_X4751","1"
"DHK_X1780","2"
"KHU_X0557","8"
"KHU_X1279","25"
"KHU_X0036","7"
"KHU_G0936","2"
"KHU_G1436","8"
"KHU_X0121","5"
"KHU_X0224","2"
"KHU_W0925","2"
"KHU_X0032","1"
"KHU_X1086","9"
"KHU_X1269","2"
"KHU_X0457","2"
"KHU_X0223","1"
"KHU_G1010","6"
"KHU_X0494","11"
"KHU_X0542","1"
"KHU_X0517","3"
"KHU_G1490","1"
"KHU_X0485","24"
"KHU_R1499","48"
"KHU_X0569","1"
"KHU_G1264","2"
"KHU_G0661","1"
"KHU_X1091","3"
"KHU_G1282","2"
"RAJ_X0516","1"
"RAJ_G1102","8"
"RAJ_G0968","3"
"RAJ_G0902","2"
"RAJ_X0037","1"
"RAJ_X0439","1"
"RAJ_X0038","2"
"RAJ_X0614","14"
"RAJ_X0596","16"
"RAJ_X1226","2"
"SYL_W0196","1"
"SYL_G0321","15"
"SYL_X0045","1"
"BAR_G0429","2"
"BAR_G0364","8"
"BAR_W0208","1"
"BAR_G0365","4"
"CTG_X0159","1"
"CTG_G0840","38"
"CTG_R1924","2"
"CTG_R1760","1"
"CTG_X0699","3"
"CTG_X0233","8"
"CTG_X0895","2"
"CTG_W0295","9"
"CTG_W0265","12"
"CTG_X0442","33"
"CTG_R1963","11"
"CTG_R1518","53"
"CTG_G1204","10"
"DHK_R0755","1"
"DHK_X0313","2"
"DHK_R6238","49"
"DHK_X2190","2"
"DHK_X1758","4"
"DHK_X1112","6"
"DHK_X1929","4"
"DHK_X1930","1"
"DHK_X0378","9"
"DHK_X0469","10"
"DHK_X2291","9"
"DHK_X2281","8"
"DHK_R0515","14"
"DHK_R4848","177"
"DHK_G4154","2"
"DHK_X5643","1"
"DHK_G4180","20"
"DHK_G4617","57"
"DHK_X3596","2"
"DHK_W2027","1"
"DHK_R3116","4"
"DHK_X4403","3"
"DHK_X0360","1"
"DHK_X4607","4"
"DHK_X2863","3"
"DHK_G4714","1"
"DHK_W4894","1"
"DHK_X5503","1"
"DHK_X2566","1"
"DHK_X2729","1"
"DHK_X0251","1"
"DHK_X2102","3"
"DHK_G4119","1"
"DHK_G3316","61"
"DHK_X5511","2"
"DHK_R2759","5"
"DHK_X5579","5"
"DHK_X5572","3"
"DHK_R1055","4"
"DHK_X3441","7"
"KHU_X1140","2"
"KHU_X0540","12"
"KHU_X0830","3"
"KHU_X0872","2"
"KHU_G1434","9"
"KHU_G1096","2"
"KHU_X0534","10"
"KHU_X1336","4"
"KHU_G1141","3"
"KHU_G1334","11"
"KHU_R1217","1"
"KHU_G1497","2"
"KHU_X0285","1"
"KHU_G1473","1"
"KHU_G1529","4"
"KHU_G1479","6"
"KHU_X0232","3"
"KHU_G1093","5"
"RAJ_X0107","1"
"RAJ_X1254","1"
"RAJ_X0677","1"
"RAJ_X1253","1"
"RAJ_W0696","1"
"RAJ_G0782","12"
"SYL_X0109","8"
"SYL_X0011","5"
"SYL_X0018","1"
"SYL_X0255","2"
"SYL_W0079","6"
"SYL_G0102","7"
"BAR_X0193","1"
"BAR_X0391","4"
"BAR_G0460","9"
"BAR_X0108","2"
"BAR_X0513","3"
"BAR_X0196","2"
"BAR_G0514","2"
"BAR_G0408","4"
"BAR_X0229","2"
"BAR_X0137","13"
"BAR_G0329","1"
"BAR_G0323","6"
"BAR_X0146","1"
"BAR_X0106","2"
"BAR_X0072","1"
"BAR_X0306","11"
"CTG_R1809","1"
"CTG_R0781","20"
"CTG_X0047","2"
"CTG_X0079","4"
"CTG_X1773","3"
"CTG_R1753","2"
"CTG_X0167","4"
"CTG_X0437","6"
"CTG_X1728","3"
"CTG_R1800","6"
"CTG_R1328","6"
"CTG_W1165","50"
"CTG_X1088","2"
"CTG_X0846","4"
"CTG_X0281","4"
"CTG_X1021","3"
"CTG_X0752","5"
"CTG_R2033","6"
"CTG_R1943","1"
"CTG_G1502","4"
"CTG_X0523","1"
"CTG_X0242","5"
"CTG_X0106","5"
"CTG_G1196","15"
"CTG_G1209","2"
"CTG_X0673","4"
"CTG_G0634","2"
"DHK_W2086","1"
"DHK_G1406","11"
"DHK_X4436","2"
"DHK_X1900","1"
"DHK_X3266","2"
"DHK_X3288","4"
"DHK_X2054","1"
"DHK_X5642","6"
"DHK_R3791","2"
"DHK_X3289","3"
"DHK_X0110","1"
"DHK_X1907","1"
"DHK_X2223","3"
"DHK_X2229","1"
"DHK_X0088","6"
"DHK_X0292","4"
"DHK_X3870","5"
"DHK_R3661","2"
"DHK_X2635","10"
"DHK_X4024","11"
"DHK_X0043","8"
"DHK_X1815","3"
"DHK_X0019","2"
"DHK_X1250","3"
"DHK_X2095","2"
"DHK_R4274","7"
"DHK_G4843","6"
"DHK_G4879","4"
"DHK_X0229","8"
"DHK_X2034","10"
"DHK_X3462","2"
"DHK_R6084","4"
"DHK_R6164","4"
"DHK_G5052","4"
"DHK_X1160","9"
"DHK_X4026","9"
"DHK_R2691","4"
"DHK_R4705","1"
"DHK_R0655","6"
"DHK_R2616","8"
"DHK_G3706","2"
"DHK_X4045","6"
"DHK_G5272","35"
"DHK_X1064","8"
"DHK_X1071","2"
"DHK_G0693","5"
"DHK_G3622","3"
"DHK_X2712","6"
"DHK_X2693","4"
"DHK_X4918","3"
"DHK_X2622","5"
"DHK_X0531","3"
"DHK_G2535","2"
"DHK_G4692","16"
"DHK_X2175","2"
"DHK_X2781","2"
"DHK_G3884","2"
"DHK_R2890","6"
"DHK_G3784","3"
"DHK_G4110","1"
"DHK_X0447","3"
"DHK_X1653","2"
"DHK_X1019","5"
"DHK_X2763","2"
"DHK_R4168","3"
"DHK_R3513","7"
"DHK_X2744","4"
"DHK_W5513","3"
"DHK_X4891","5"
"DHK_X0745","1"
"DHK_X0287","1"
"DHK_X2618","1"
"DHK_R5345","1"
"DHK_G1822","2"
"DHK_X1769","8"
"KHU_X1229","4"
"KHU_X0592","1"
"KHU_X0938","6"
"KHU_R1768","1"
"KHU_X0458","1"
"KHU_G1169","3"
"KHU_X0976","5"
"KHU_X0875","4"
"KHU_X0502","1"
"KHU_X1089","4"
"KHU_G0695","2"
"KHU_X1088","6"
"KHU_X0062","2"
"KHU_G1046","1"
"RAJ_X0239","7"
"RAJ_G1186","7"
"RAJ_X1327","1"
"RAJ_X0381","1"
"RAJ_G1621","47"
"RAJ_X1464","45"
"RAJ_X0059","1"
"RAJ_X0255","2"
"RAJ_X0491","2"
"RAJ_X0495","2"
"RAJ_X0602","2"
"RAJ_G1345","2"
"RAJ_X1288","2"
"RAJ_G0995","1"
"SYL_X0061","3"
"SYL_X0162","6"
"SYL_X0640","5"
"SYL_X0181","5"
"SYL_X0005","12"
"BAR_G0472","7"
"BAR_X0032","2"
"BAR_X0029","4"
"BAR_X0392","4"
"BAR_X0356","2"
"BAR_G0469","3"
"BAR_X0070","7"
"BAR_G0425","5"
"BAR_G0366","8"
"BAR_X0040","4"
"BAR_G0359","2"
"BAR_W0375","1"
"BAR_W0177","3"
"BAR_G0445","1"
"BAR_G0545","3"
"CTG_X0130","5"
"CTG_X1034","1"
"CTG_R1764","1"
"CTG_X0712","3"
"CTG_X0385","3"
"CTG_R1842","44"
"CTG_G1936","4"
"CTG_R1872","1"
"CTG_X1567","4"
"CTG_X1169","2"
"CTG_X0806","1"
"CTG_X1382","2"
"CTG_G1512","12"
"CTG_X0278","9"
"CTG_X0800","2"
"CTG_X0241","2"
"CTG_X1080","8"
"CTG_G1286","2"
"CTG_X0864","6"
"CTG_G1291","4"
"CTG_X0884","2"
"CTG_X0677","2"
"CTG_X0877","3"
"CTG_X0678","2"
"CTG_G1226","2"
"CTG_G1287","7"
"CTG_X0244","5"
"DHK_X0804","4"
"DHK_X0005","1"
"DHK_X1901","1"
"DHK_X4125","2"
"DHK_X0098","1"
"DHK_X0077","7"
"DHK_R5322","33"
"DHK_X4830","10"
"DHK_X3312","1"
"DHK_X5112","6"
"DHK_X5108","16"
"DHK_G4248","14"
"DHK_X5506","5"
"DHK_X5508","16"
"DHK_X4943","3"
"DHK_G3751","5"
"DHK_G4103","3"
"DHK_R4287","8"
"DHK_G3602","1"
"DHK_W5216","2"
"DHK_G3572","3"
"DHK_R6639","15"
"DHK_G3837","50"
"DHK_R2900","3"
"DHK_X5220","3"
"DHK_G4171","3"
"DHK_W3213","3"
"DHK_X0166","1"
"DHK_R3763","5"
"DHK_G4397","3"
"DHK_G5530","25"
"DHK_R4181","12"
"DHK_R4678","4"
"DHK_X5085","2"
"DHK_X4107","1"
"DHK_X0451","12"
"DHK_X4442","1"
"DHK_X5163","1"
"DHK_G4177","10"
"DHK_R2962","2"
"DHK_X1068","11"
"DHK_X0357","1"
"DHK_X1781","1"
"DHK_X0969","4"
"DHK_G4466","1"
"DHK_X2170","2"
"DHK_G3649","11"
"DHK_G4469","3"
"DHK_W5286","3"
"DHK_X2706","2"
"DHK_G5397","1"
"DHK_W2995","1"
"DHK_X1087","1"
"DHK_X1624","1"
"DHK_X1084","1"
"DHK_X2274","9"
"DHK_X3331","1"
"DHK_G5575","3"
"DHK_G3408","22"
"DHK_G3868","6"
"KHU_G1236","1"
"KHU_X0161","1"
"KHU_X0251","2"
"KHU_G1478","9"
"KHU_X1320","6"
"KHU_G1463","1"
"KHU_G1162","5"
"KHU_X1285","1"
"KHU_G1455","1"
"KHU_X1083","5"
"KHU_X0275","1"
"KHU_G1519","13"
"KHU_X1133","5"
"KHU_X0184","28"
"KHU_X1124","8"
"KHU_X1179","4"
"KHU_X0808","2"
"KHU_W0178","3"
"KHU_X0876","4"
"KHU_G0511","2"
"KHU_X1366","2"
"KHU_R1386","2"
"KHU_W1872","1"
"KHU_X0051","1"
"KHU_G1026","5"
"RAJ_G0967","2"
"RAJ_X0438","4"
"RAJ_X0534","1"
"RAJ_W0756","3"
"RAJ_X0617","3"
"RAJ_G1426","2"
"RAJ_X0357","3"
"RAJ_X0618","3"
"RAJ_G0808","2"
"RAJ_W0519","10"
"RAJ_X0573","1"
"RAJ_G1174","2"
"RAJ_G1060","2"
"RAJ_X0244","3"
"RAJ_X1250","3"
"SYL_G0416","5"
"SYL_G0344","4"
"SYL_X0004","2"
"SYL_X0349","1"
"SYL_X0574","1"
"SYL_X0096","2"
"SYL_X0723","4"
"SYL_X0001","15"
"SYL_X0724","4"
"SYL_X0055","9"
"SYL_X0628","7"
"BAR_X0120","7"
"BAR_X0114","3"
"BAR_X0401","3"
"CTG_X1180","4"
"CTG_X0057","7"
"CTG_X1078","1"
"CTG_X0694","1"
"CTG_X0229","13"
"CTG_W1105","1"
"CTG_X0259","6"
"CTG_X1915","3"
"CTG_X0847","1"
"CTG_W0833","32"
"CTG_G1859","2"
"DHK_X4230","1"
"DHK_X0562","1"
"DHK_X5158","9"
"DHK_X0283","1"
"DHK_X0878","6"
"DHK_R6128","5"
"DHK_X1985","3"
"DHK_X2009","3"
"DHK_R4235","2"
"DHK_X1135","16"
"DHK_X1966","22"
"DHK_X5634","40"
"DHK_X0700","39"
"DHK_W3233","1"
"DHK_X3535","2"
"DHK_R3711","2"
"DHK_G5169","2"
"DHK_X4039","2"
"DHK_X4064","4"
"DHK_R6163","2"
"DHK_X1767","2"
"DHK_X5655","3"
"DHK_X4314","1"
"DHK_X2787","6"
"DHK_X2602","15"
"DHK_G5504","23"
"DHK_X3210","1"
"DHK_X3810","3"
"DHK_X5601","15"
"DHK_X2125","3"
"DHK_R4925","8"
"DHK_R1731","3"
"DHK_W3479","11"
"DHK_R5034","2"
"DHK_R3238","3"
"KHU_G1536","1"
"KHU_X0125","6"
"KHU_X0459","5"
"KHU_W0912","5"
"KHU_W0868","7"
"KHU_G0968","1"
"KHU_X1322","3"
"RAJ_G1080","2"
"RAJ_G1609","2"
"RAJ_G1121","12"
"RAJ_G1127","4"
"RAJ_X0348","3"
"RAJ_G1731","3"
"RAJ_G1109","7"
"RAJ_G0767","1"
"RAJ_G1119","3"
"RAJ_G1003","1"
"RAJ_G1035","3"
"RAJ_G1269","4"
"RAJ_G1007","4"
"SYL_G0305","15"
"SYL_X0357","3"
"SYL_X0119","1"
"BAR_X0195","3"
"BAR_G0413","3"
"BAR_X0061","1"
"BAR_G0328","4"
"CTG_X0524","6"
"CTG_G1267","48"
"CTG_R0788","4"
"CTG_G1590","2"
"CTG_G1960","7"
"CTG_R1962","14"
"CTG_R2000","20"
"DHK_X3728","4"
"DHK_X0207","1"
"DHK_X1130","5"
"DHK_X0126","4"
"DHK_X0310","4"
"DHK_R4846","2"
"DHK_X0038","2"
"DHK_X3852","1"
"DHK_X4302","3"
"DHK_R6224","2"
"DHK_X0741","3"
"DHK_X1979","2"
"DHK_X1840","2"
"DHK_X5515","3"
"DHK_G3455","3"
"DHK_X4482","3"
"DHK_X2048","3"
"DHK_R0930","1"
"DHK_X3280","2"
"DHK_X5154","3"
"DHK_G3356","4"
"DHK_X2805","1"
"DHK_X0124","1"
"DHK_R4417","1"
"DHK_R4458","2"
"DHK_R4412","1"
"DHK_X2217","1"
"DHK_X0321","2"
"DHK_X2104","3"
"DHK_G1303","1"
"DHK_X2254","1"
"DHK_X2219","1"
"DHK_X2533","3"
"DHK_R2711","3"
"DHK_G5556","27"
"DHK_X4148","2"
"DHK_X2628","3"
"DHK_R2620","7"
"DHK_R3301","14"
"DHK_R1613","4"
"DHK_W2250","1"
"DHK_W4524","5"
"DHK_X3452","4"
"DHK_W1791","5"
"DHK_X1675","4"
"DHK_X1925","2"
"DHK_G4713","11"
"DHK_X3370","1"
"KHU_X0098","11"
"KHU_R1500","2"
"KHU_G0682","3"
"KHU_X1349","11"
"KHU_X0105","5"
"KHU_X0436","9"
"KHU_W0954","48"
"KHU_X1291","2"
"KHU_X0940","1"
"RAJ_X1268","2"
"RAJ_G1414","5"
"RAJ_X0039","1"
"SYL_X0613","4"
"SYL_X0095","10"
"SYL_X0206","5"
"SYL_X0563","1"
"SYL_X0167","4"
"SYL_X0292","2"
"SYL_X0008","1"
"SYL_X0165","6"
"SYL_G0411","1"
"BAR_W0407","3"
"BAR_X0428","7"
"BAR_G0496","2"
"BAR_G0155","4"
"BAR_W0030","3"
"BAR_G0263","42"
"CTG_R1958","1"
"CTG_X0600","19"
"CTG_X0869","23"
"CTG_W1734","8"
"CTG_G1991","4"
"CTG_G1127","1"
"CTG_R1840","1"
"CTG_G1115","3"
"CTG_G2395","4"
"CTG_X0113","3"
"CTG_X0239","1"
"CTG_X1575","1"
"CTG_X0311","4"
"CTG_X0517","3"
"CTG_X1172","6"
"CTG_X0032","5"
"CTG_X1352","4"
"CTG_X1232","3"
"DHK_X0733","1"
"DHK_W4160","1"
"DHK_G4605","3"
"DHK_X1817","4"
"DHK_X1851","2"
"DHK_X1175","1"
"DHK_G3790","1"
"DHK_G3646","4"
"DHK_X3499","10"
"DHK_X1099","1"
"DHK_X0058","2"
"DHK_X3594","13"
"DHK_G3325","11"
"DHK_X0017","1"
"DHK_G3674","1"
"DHK_W5356","1"
"DHK_G4183","11"
"DHK_X3276","2"
"DHK_X1187","2"
"DHK_W5179","1"
"DHK_G4186","2"
"DHK_X1875","2"
"DHK_X0459","2"
"DHK_X5221","2"
"DHK_X2594","6"
"DHK_X2785","2"
"DHK_X0488","4"
"DHK_G5269","4"
"DHK_X1877","5"
"DHK_G3396","10"
"DHK_X2103","2"
"DHK_X4615","6"
"DHK_X5268","5"
"DHK_X2107","3"
"DHK_G2907","2"
"DHK_X1861","2"
"DHK_X3222","2"
"DHK_X2579","1"
"DHK_X0501","1"
"DHK_X1611","10"
"DHK_X3218","1"
"DHK_X1184","2"
"DHK_X4642","3"
"DHK_X2854","2"
"DHK_X4631","46"
"KHU_X0250","1"
"KHU_X0286","1"
"KHU_X1309","8"
"KHU_X0244","8"
"KHU_X1308","8"
"KHU_X0124","2"
"KHU_G1579","4"
"KHU_X0924","24"
"KHU_X1008","2"
"KHU_R1711","1"
"KHU_X0228","4"
"KHU_X0518","3"
"KHU_X1210","1"
"KHU_W1686","4"
"KHU_X1369","2"
"RAJ_G1705","4"
"RAJ_G1444","3"
"RAJ_X1413","7"
"RAJ_W1040","2"
"RAJ_G1505","2"
"RAJ_X0189","1"
"RAJ_G0997","1"
"RAJ_G1508","1"
"RAJ_X0169","1"
"RAJ_X0576","1"
"SYL_X0134","35"
"SYL_X0186","1"
"SYL_X0016","1"
"SYL_R0601","13"
"SYL_X0048","16"
"SYL_X0147","17"
"BAR_G0498","1"
"BAR_G0463","4"
"BAR_X0373","2"
"BAR_R0371","3"
"BAR_X0385","27"
"BAR_X0018","1"
"BAR_G0002","2"
"BAR_X0056","1"
"BAR_X0393","3"
"BAR_X0262","2"
"BAR_G0400","3"
"BAR_X0050","1"
"BAR_G0524","8"
"BAR_G0476","2"
"BAR_G0265","1"
"BAR_X0235","1"
"BAR_G0501","5"
"CTG_X0768","5"
"CTG_X0353","2"
"CTG_W1346","4"
"CTG_R1353","5"
"CTG_X0312","4"
"CTG_G1197","31"
"CTG_X0387","1"
"CTG_G1243","8"
"CTG_X0137","1"
"CTG_X0023","1"
"CTG_R1828","7"
"CTG_X0472","1"
"CTG_X1186","1"
"CTG_X1027","1"
"CTG_X0056","1"
"CTG_R1028","1"
"CTG_X1155","2"
"CTG_X0613","1"
"CTG_R1143","1"
"CTG_W1681","1"
"CTG_X0839","1"
"CTG_X0754","2"
"CTG_R1667","1"
"CTG_X1580","1"
"CTG_X1187","2"
"CTG_X0513","1"
"CTG_G1118","77"
"CTG_X0816","1"
"CTG_X1376","1"
"CTG_W1796","1"
"CTG_X0867","1"
"CTG_X0416","1"
"CTG_X0099","2"
"CTG_X0100","1"
"CTG_X0390","1"
"CTG_X0455","1"
"CTG_X0443","3"
"CTG_X1665","1"
"CTG_X1586","3"
"CTG_X0124","6"
"CTG_W1897","2"
"CTG_G1229","5"
"CTG_X0870","1"
"CTG_G1231","2"
"CTG_R1649","1"
"DHK_X0615","27"
"DHK_X4350","7"
"DHK_X0470","2"
"DHK_X4933","9"
"DHK_X0114","7"
"DHK_X3843","1"
"DHK_G5033","3"
"DHK_X0080","1"
"DHK_X1895","1"
"DHK_R4333","1"
"DHK_R4502","1"
"DHK_W3681","7"
"DHK_X5566","1"
"DHK_G4840","6"
"DHK_X3234","5"
"DHK_G4463","1"
"DHK_G5349","1"
"DHK_X4741","7"
"DHK_X4483","6"
"DHK_X0683","2"
"DHK_X1190","1"
"DHK_G3650","1"
"DHK_X5649","3"
"DHK_X4265","2"
"DHK_X3877","1"
"DHK_X2702","1"
"DHK_W0226","1"
"DHK_R1053","1"
"DHK_X5122","1"
"DHK_W2757","1"
"DHK_G3801","1"
"DHK_X5197","4"
"DHK_X3723","2"
"DHK_X4427","5"
"DHK_X2569","2"
"DHK_X3221","5"
"DHK_X1625","3"
"DHK_X2686","1"
"DHK_X1050","4"
"DHK_W2456","2"
"DHK_X1116","4"
"DHK_R6681","1"
"DHK_X1043","6"
"DHK_R3185","1"
"DHK_X4927","1"
"DHK_X3775","1"
"DHK_G4468","1"
"DHK_X0144","3"
"DHK_R3896","2"
"DHK_R5654","1"
"DHK_W3271","1"
"DHK_X0359","1"
"DHK_G3688","3"
"DHK_X0749","1"
"DHK_X2526","1"
"DHK_X3313","14"
"DHK_G6079","5"
"DHK_X4126","1"
"DHK_G3769","1"
"DHK_X3831","2"
"DHK_X2645","3"
"DHK_X1157","1"
"DHK_X0490","4"
"DHK_X2039","1"
"DHK_W5252","1"
"DHK_X2793","1"
"KHU_G1538","21"
"KHU_G0929","1"
"KHU_X1347","2"
"KHU_X0556","3"
"KHU_X0602","1"
"KHU_G1145","3"
"KHU_R1501","2"
"KHU_W1372","1"
"KHU_R1550","3"
"KHU_X1056","2"
"KHU_R1418","2"
"KHU_G1180","3"
"KHU_X0577","4"
"KHU_X0037","4"
"KHU_G0960","3"
"KHU_X0013","2"
"KHU_X0825","4"
"KHU_G0902","3"
"KHU_R1435","2"
"KHU_X1354","1"
"KHU_G1239","1"
"KHU_X1286","2"
"KHU_X0271","1"
"KHU_G0439","2"
"KHU_R1428","1"
"KHU_G1238","1"
"RAJ_X0420","3"
"RAJ_X0416","1"
"RAJ_X0513","1"
"RAJ_G0017","3"
"RAJ_G0948","5"
"RAJ_X0094","8"
"SYL_X0098","1"
"SYL_G0343","2"
"SYL_R0032","15"
"SYL_X0373","2"
"SYL_G0341","4"
"BAR_G0276","4"
"BAR_X0374","4"
"BAR_G0281","8"
"BAR_X0055","1"
"BAR_X0409","2"
"BAR_G0548","1"
"BAR_G0367","7"
"BAR_X0170","2"
"BAR_X0014","1"
"BAR_G0537","6"
"BAR_G0142","5"
"CTG_X1347","2"
"CTG_X0051","2"
"CTG_X1752","20"
"CTG_X0543","1"
"CTG_W0902","1"
"CTG_X0020","8"
"CTG_W1903","4"
"CTG_X0927","2"
"CTG_W1831","1"
"CTG_X0092","18"
"CTG_G1223","2"
"CTG_G1114","4"
"CTG_X0641","2"
"CTG_W0283","2"
"CTG_X0682","1"
"CTG_X0652","4"
"CTG_X0033","2"
"CTG_G1246","2"
"DHK_X1982","3"
"DHK_X0726","2"
"DHK_X3757","1"
"DHK_R5045","2"
"DHK_X3615","5"
"DHK_X0022","2"
"DHK_X2161","1"
"DHK_R0982","1"
"DHK_X0473","1"
"DHK_X0301","4"
"DHK_W3839","3"
"DHK_X1119","1"
"DHK_X0871","1"
"DHK_X0824","3"
"DHK_G4623","2"
"DHK_X5247","1"
"DHK_X1698","3"
"DHK_X5019","3"
"DHK_X5606","3"
"DHK_X5299","2"
"DHK_X4474","9"
"DHK_R3554","3"
"DHK_R3963","1"
"DHK_X5271","5"
"DHK_X1671","1"
"DHK_X0081","2"
"DHK_X3415","4"
"DHK_X3418","1"
"DHK_X1819","3"
"DHK_G5032","10"
"DHK_X3379","8"
"DHK_R5646","2"
"KHU_G1234","2"
"KHU_X0055","3"
"KHU_X0027","1"
"KHU_G0965","11"
"KHU_X1018","3"
"KHU_X0048","4"
"KHU_G0981","1"
"KHU_G1485","4"
"KHU_X0007","2"
"KHU_G1367","3"
"KHU_G1442","3"
"KHU_G0983","1"
"RAJ_R1472","8"
"RAJ_G1023","15"
"RAJ_G1617","10"
"RAJ_X0380","1"
"RAJ_G1666","2"
"SYL_G0626","30"
"SYL_X0074","7"
"SYL_X0075","2"
"BAR_R0412","2"
"BAR_X0103","1"
"BAR_G0492","4"
"CTG_X0161","2"
"CTG_G1881","2"
"CTG_X1776","3"
"CTG_W1795","2"
"CTG_X0723","1"
"CTG_R1142","11"
"CTG_X1302","1"
"CTG_X0010","1"
"CTG_X0063","1"
"CTG_X1674","1"
"CTG_G1834","6"
"CTG_X0112","4"
"CTG_X1527","1"
"CTG_X0411","5"
"CTG_G1200","2"
"CTG_X0441","5"
"CTG_G1135","2"
"CTG_X1363","2"
"CTG_W1896","2"
"CTG_R1998","1"
"CTG_R2012","1"
"CTG_R0832","11"
"DHK_X4459","3"
"DHK_R6554","1"
"DHK_X2093","2"
"DHK_R2424","2"
"DHK_X1012","1"
"DHK_X1976","1"
"DHK_T6870","3"
"DHK_R0936","3"
"DHK_X0293","1"
"DHK_X0264","1"
"DHK_X4902","1"
"DHK_G3585","4"
"DHK_X2730","4"
"DHK_X0443","8"
"DHK_X3371","2"
"DHK_X0597","2"
"DHK_X2171","3"
"DHK_W1128","2"
"DHK_X0158","1"
"DHK_G3644","2"
"DHK_G4166","1"
"DHK_R3528","7"
"DHK_X5227","4"
"DHK_X4774","1"
"DHK_W1153","1"
"DHK_R6074","2"
"DHK_X5133","3"
"DHK_G3811","5"
"DHK_X0242","4"
"DHK_G3947","11"
"KHU_R1453","1"
"KHU_W1355","1"
"KHU_X0047","1"
"KHU_G1087","7"
"KHU_X0274","1"
"RAJ_G1021","2"
"RAJ_X0410","1"
"RAJ_X1215","21"
"RAJ_G1176","1"
"RAJ_G1027","1"
"SYL_G0363","20"
"BAR_G0309","2"
"BAR_X0023","1"
"BAR_X0129","1"
"CTG_X0715","1"
"CTG_X0610","4"
"CTG_R1720","2"
"CTG_X0467","9"
"CTG_R0679","7"
"CTG_X0409","7"
"CTG_W1309","3"
"CTG_X0630","6"
"CTG_X0514","1"
"CTG_X1839","1"
"CTG_G1112","2"
"CTG_X1541","1"
"CTG_G1122","2"
"CTG_R1995","1"
"CTG_R1377","2"
"CTG_G1218","1"
"CTG_X1106","1"
"CTG_R2032","1"
"CTG_X0815","12"
"CTG_X0837","4"
"CTG_X0893","4"
"CTG_R0282","2"
"CTG_X0627","6"
"CTG_X0810","3"
"CTG_X0109","8"
"DHK_X4900","1"
"DHK_X0858","1"
"DHK_X3324","2"
"DHK_X3592","5"
"DHK_X3281","1"
"DHK_R6118","1"
"DHK_X0104","1"
"DHK_X0020","1"
"DHK_R0813","3"
"DHK_X1931","36"
"DHK_X0062","1"
"DHK_X0079","1"
"DHK_X1825","1"
"DHK_X1161","4"
"DHK_X0054","12"
"DHK_X2523","3"
"DHK_X3291","1"
"DHK_X2146","2"
"DHK_X1654","1"
"DHK_X1172","1"
"DHK_R2160","2"
"DHK_X1886","1"
"DHK_G4109","1"
"DHK_X1958","1"
"DHK_R2813","4"
"DHK_X0406","1"
"DHK_X4210","6"
"DHK_X1885","4"
"DHK_X1742","1"
"DHK_X0065","3"
"DHK_X0422","3"
"DHK_X3350","4"
"DHK_X4942","7"
"DHK_X5113","5"
"DHK_X2143","12"
"DHK_G5284","2"
"DHK_W2129","2"
"DHK_R4285","2"
"DHK_G3803","9"
"DHK_G2940","1"
"DHK_R4281","1"
"DHK_X3337","1"
"DHK_R5070","1"
"DHK_G4176","1"
"DHK_X5244","1"
"DHK_X4242","1"
"DHK_X2285","1"
"DHK_X5173","1"
"DHK_X2530","8"
"DHK_X5260","3"
"DHK_X4499","2"
"DHK_X4084","1"
"DHK_X1847","4"
"DHK_X3533","2"
"DHK_X3391","2"
"DHK_R6132","2"
"DHK_G2441","2"
"DHK_R6256","1"
"DHK_X1163","1"
"DHK_X1748","4"
"DHK_X1164","3"
"DHK_X2003","13"
"DHK_G4139","4"
"DHK_X5610","1"
"DHK_X3742","4"
"DHK_X0075","1"
"DHK_X2004","4"
"DHK_X0391","2"
"DHK_X0744","9"
"DHK_X3436","5"
"DHK_X0578","4"
"DHK_G2479","1"
"DHK_G3647","1"
"DHK_R2422","3"
"DHK_R0401","1"
"DHK_R5576","1"
"DHK_G4246","22"
"DHK_X1945","4"
"DHK_X5236","2"
"KHU_X0191","2"
"KHU_X0284","20"
"KHU_W1404","3"
"KHU_R1508","1"
"RAJ_G1203","3"
"RAJ_X0385","4"
"RAJ_X0451","6"
"RAJ_X0472","1"
"RAJ_X1431","5"
"RAJ_G1634","1"
"RAJ_W1039","1"
"RAJ_G1899","7"
"RAJ_X0471","3"
"RAJ_W0651","2"
"SYL_G0317","2"
"BAR_G0284","1"
"CTG_G1257","16"
"CTG_X0748","2"
"CTG_X1628","4"
"CTG_X1384","2"
"CTG_G1113","3"
"CTG_X1783","1"
"CTG_G1123","5"
"CTG_G1509","3"
"CTG_X0362","3"
"CTG_X0861","3"
"CTG_X0849","3"
"CTG_X0501","3"
"CTG_W1168","27"
"DHK_X1610","2"
"DHK_X2015","1"
"DHK_X2969","3"
"DHK_X0407","1"
"DHK_X4004","7"
"DHK_X0800","1"
"DHK_X1638","2"
"DHK_X1651","2"
"DHK_X4850","2"
"DHK_X0170","2"
"DHK_G3813","1"
"DHK_G4202","3"
"DHK_X4883","6"
"DHK_X2238","4"
"DHK_G3653","1"
"DHK_X4651","3"
"DHK_R4081","1"
"DHK_X3726","1"
"DHK_X4017","1"
"DHK_X0537","1"
"DHK_X2718","1"
"DHK_X3305","3"
"DHK_G3859","3"
"DHK_R2488","1"
"DHK_W3097","1"
"DHK_G2298","3"
"KHU_X1377","1"
"KHU_X0227","2"
"RAJ_G0533","4"
"RAJ_G0901","3"
"SYL_G0298","5"
"SYL_X0020","1"
"SYL_X0021","1"
"SYL_X0526","3"
"SYL_G0496","6"
"SYL_R0377","2"
"BAR_R0423","4"
"BAR_G0381","1"
"CTG_G1270","5"
"CTG_X0744","9"
"CTG_X0163","1"
"CTG_X1553","3"
"CTG_W1851","5"
"DHK_X4429","1"
"DHK_X4090","2"
"DHK_X4201","1"
"DHK_X0386","1"
"DHK_X1144","1"
"DHK_X0699","1"
"DHK_X3290","3"
"DHK_G4702","1"
"DHK_X0102","1"
"DHK_G4131","1"
"DHK_R2938","5"
"DHK_X3850","3"
"DHK_W1941","46"
"DHK_W3431","1"
"DHK_X4877","7"
"DHK_X0559","3"
"DHK_X0254","4"
"DHK_R6429","4"
"DHK_X2028","1"
"DHK_X0214","1"
"DHK_X1987","3"
"DHK_X1104","3"
"DHK_X0413","1"
"DHK_X2933","1"
"DHK_X0232","3"
"DHK_X0157","2"
"DHK_X1764","2"
"DHK_R5344","7"
"KHU_X0096","2"
"KHU_X1044","1"
"KHU_X0067","1"
"KHU_X0056","1"
"KHU_X0477","3"
"KHU_R1894","1"
"KHU_X0132","1"
"KHU_G1411","1"
"KHU_X0169","1"
"KHU_G0651","2"
"KHU_G1375","1"
"KHU_X0550","2"
"RAJ_R1442","20"
"RAJ_G1500","1"
"RAJ_G1895","2"
"RAJ_G1729","1"
"RAJ_X0344","2"
"RAJ_X0216","1"
"RAJ_X1706","1"
"RAJ_X0909","9"
"RAJ_G1062","2"
"RAJ_W1044","1"
"RAJ_X1512","1"
"SYL_X0213","3"
"SYL_X0405","1"
"SYL_X0561","3"
"SYL_G0398","1"
"SYL_X0088","1"
"SYL_X0524","4"
"BAR_X0076","1"
"BAR_W0311","4"
"BAR_R0510","15"
"CTG_X1901","3"
"CTG_X1826","2"
"CTG_W1900","1"
"CTG_X0292","1"
"CTG_X0119","1"
"CTG_X0118","1"
"CTG_X0616","4"
"CTG_W1732","28"
"CTG_G1145","7"
"CTG_X0393","3"
"CTG_R1815","2"
"CTG_X1398","4"
"CTG_X1365","1"
"CTG_X0636","1"
"CTG_G1211","1"
"CTG_G1116","1"
"CTG_G1141","1"
"CTG_X0291","1"
"CTG_W1158","1"
"CTG_X0120","1"
"CTG_X0937","1"
"CTG_X1181","1"
"CTG_X0030","1"
"DHK_X4390","3"
"DHK_X1843","1"
"DHK_X2553","3"
"DHK_X2848","1"
"DHK_X2013","1"
"DHK_X5098","17"
"DHK_W3254","1"
"DHK_R4217","2"
"DHK_X2287","2"
"DHK_G3389","3"
"DHK_G6400","1"
"DHK_X1873","2"
"DHK_W1802","1"
"DHK_W3335","1"
"DHK_G3766","22"
"KHU_X0157","1"
"KHU_G1574","3"
"KHU_X0421","4"
"KHU_X0060","1"
"KHU_X0591","1"
"KHU_G0950","2"
"RAJ_X1421","1"
"RAJ_R1683","1"
"RAJ_G1343","3"
"RAJ_G1342","1"
"RAJ_G1113","1"
"RAJ_X0462","2"
"RAJ_G1503","12"
"RAJ_G0910","1"
"RAJ_G0907","2"
"RAJ_G0783","3"
"RAJ_X0179","3"
"RAJ_X1289","3"
"RAJ_X0168","3"
"RAJ_X0612","3"
"SYL_G0353","8"
"SYL_X0164","1"
"SYL_W0148","1"
"SYL_X0642","5"
"SYL_X0060","5"
"SYL_X0612","4"
"SYL_G0372","5"
"BAR_X0453","2"
"BAR_G0464","2"
"BAR_G0220","5"
"BAR_G0300","9"
"BAR_X0038","4"
"BAR_G0405","4"
"BAR_G0277","1"
"BAR_X0506","16"
"CTG_G2006","2"
"CTG_X0549","1"
"CTG_X1375","92"
"CTG_R2008","2"
"CTG_X0276","2"
"CTG_R1134","7"
"CTG_G1117","9"
"CTG_X1598","5"
"CTG_X0502","10"
"CTG_R1147","3"
"CTG_X0497","1"
"CTG_R1149","1"
"CTG_X1662","1"
"CTG_X1843","1"
"CTG_X0890","1"
"CTG_G1361","1"
"CTG_X0496","2"
"CTG_X0408","5"
"CTG_X0235","1"
"CTG_X1316","1"
"CTG_G1126","2"
"CTG_G1207","1"
"CTG_R1798","2"
"CTG_X0413","12"
"CTG_X1392","1"
"CTG_X0804","1"
"CTG_G0397","2"
"CTG_G1372","1"
"CTG_G1366","2"
"CTG_G1107","3"
"CTG_G1370","1"
"CTG_G1194","3"
"CTG_W1310","2"
"CTG_X1631","3"
"CTG_R1965","1"
"CTG_X1144","1"
"CTG_X1355","1"
"CTG_X0298","1"
"CTG_X0771","1"
"CTG_X0246","1"
"DHK_G6668","8"
"DHK_X0815","1"
"DHK_X0367","6"
"DHK_X0853","2"
"DHK_X0257","1"
"DHK_X3374","2"
"DHK_W6481","6"
"DHK_X1932","2"
"DHK_X2036","1"
"DHK_R4339","1"
"DHK_R1285","1"
"DHK_X3236","1"
"DHK_R4264","2"
"DHK_X0168","5"
"DHK_G5592","5"
"DHK_G3765","2"
"DHK_X0629","3"
"DHK_G3645","6"
"DHK_R0902","2"
"DHK_X0164","2"
"DHK_W5114","2"
"DHK_G4147","2"
"DHK_X4212","1"
"DHK_X0090","1"
"DHK_G3600","3"
"DHK_W3358","5"
"DHK_W4731","1"
"DHK_X2681","1"
"DHK_X1197","2"
"DHK_X4299","19"
"DHK_X5234","19"
"DHK_X2837","6"
"DHK_G0288","1"
"KHU_X0501","4"
"KHU_X0104","4"
"KHU_X0241","2"
"KHU_X0437","1"
"KHU_X0907","1"
"KHU_R1826","1"
"KHU_G1356","1"
"KHU_X0420","1"
"KHU_G1324","3"
"KHU_X0438","2"
"KHU_G1057","3"
"KHU_X1319","2"
"KHU_X0016","1"
"KHU_X0594","1"
"KHU_G1373","1"
"KHU_G1554","1"
"KHU_X1036","4"
"KHU_X0843","6"
"KHU_X1136","1"
"KHU_G0984","6"
"KHU_R0063","8"
"KHU_R1343","1"
"KHU_X1221","12"
"KHU_W0970","1"
"KHU_G1472","1"
"KHU_X0545","1"
"KHU_G0962","1"
"RAJ_G1761","4"
"RAJ_X0229","1"
"RAJ_X0333","2"
"RAJ_X0496","2"
"RAJ_X1201","1"
"RAJ_R0022","1"
"RAJ_G1001","1"
"SYL_X0620","2"
"BAR_G0388","1"
"BAR_X0487","2"
"BAR_X0104","2"
"BAR_X0086","1"
"BAR_X0171","4"
"BAR_X0075","1"
"BAR_X0060","1"
"BAR_X0058","2"
"CTG_X0724","2"
"CTG_G2388","5"
"CTG_X1151","1"
"CTG_X1389","3"
"CTG_X0060","3"
"CTG_X1378","1"
"CTG_X0006","1"
"CTG_X1592","2"
"CTG_W1858","1"
"CTG_X1331","2"
"CTG_X1332","1"
"CTG_X1663","4"
"CTG_X0642","1"
"CTG_R2007","1"
"CTG_X0803","1"
"CTG_X0421","1"
"CTG_X0237","1"
"CTG_X0866","1"
"CTG_X0315","1"
"CTG_X0522","1"
"CTG_X1531","1"
"CTG_G1563","3"
"CTG_G1295","1"
"CTG_X0844","1"
"CTG_X0420","1"
"CTG_X1939","1"
"CTG_G1369","1"
"DHK_X2958","5"
"DHK_G6278","28"
"DHK_X2267","2"
"DHK_R3820","2"
"DHK_X0145","1"
"DHK_G3410","2"
"DHK_X5166","1"
"DHK_X0809","1"
"DHK_W2196","1"
"DHK_R2920","2"
"DHK_X5094","2"
"DHK_X5559","9"
"DHK_G2154","4"
"DHK_X2186","4"
"DHK_G5538","4"
"DHK_G2802","10"
"DHK_X5218","2"
"DHK_X4825","1"
"DHK_R5214","1"
"DHK_X0253","4"
"DHK_G5379","5"
"DHK_G3812","1"
"DHK_R2818","1"
"DHK_G3443","6"
"DHK_X2673","3"
"DHK_X3444","3"
"DHK_G5568","6"
"DHK_G0494","19"
"DHK_W5529","2"
"DHK_G5209","18"
"DHK_G4966","7"
"DHK_G5217","10"
"DHK_X2242","1"
"DHK_R5111","1"
"DHK_G4862","1"
"DHK_X2554","10"
"DHK_X1659","2"
"DHK_R4450","2"
"DHK_X1737","1"
"DHK_X0675","5"
"DHK_X0827","2"
"DHK_X4273","1"
"DHK_X5609","1"
"DHK_G5262","5"
"DHK_X1937","2"
"DHK_G1883","2"
"DHK_X2110","4"
"DHK_G5287","4"
"DHK_G5290","4"
"DHK_G3683","1"
"DHK_X3314","2"
"DHK_X4372","2"
"DHK_R0474","1"
"DHK_X5578","1"
"DHK_G6159","2"
"DHK_X2122","3"
"DHK_X2909","1"
"DHK_X5574","3"
"DHK_G6080","4"
"DHK_G4394","1"
"DHK_X4014","1"
"DHK_G2491","1"
"DHK_X2503","3"
"DHK_X1858","7"
"DHK_G3412","1"
"DHK_G5028","1"
"DHK_X2050","3"
"KHU_X0538","1"
"KHU_X0869","2"
"KHU_G1345","1"
"KHU_X1134","8"
"KHU_X1342","1"
"KHU_G0031","2"
"RAJ_X0269","2"
"RAJ_X0334","2"
"RAJ_X1456","2"
"RAJ_G0867","2"
"RAJ_G1058","1"
"RAJ_X0013","3"
"RAJ_W1043","3"
"RAJ_G1533","4"
"RAJ_X0444","4"
"RAJ_G0873","3"
"RAJ_G1022","1"
"SYL_G0386","1"
"SYL_X0042","1"
"SYL_X0228","2"
"SYL_X0550","1"
"SYL_W0171","2"
"SYL_X0210","1"
"SYL_X0041","1"
"SYL_X0084","5"
"SYL_W0071","6"
"SYL_X0192","4"
"SYL_G0388","10"
"SYL_G0490","5"
"SYL_X0080","1"
"SYL_X0194","3"
"SYL_G0776","3"
"SYL_G0337","1"
"SYL_X0231","1"
"SYL_X0566","1"
"SYL_X0047","1"
"SYL_G0325","1"
"SYL_X0151","1"
"SYL_G0430","1"
"BAR_X0466","1"
"BAR_G0321","1"
"BAR_X0293","1"
"BAR_X0258","1"
"CTG_X0327","3"
"CTG_X1616","1"
"CTG_X0661","6"
"CTG_X0381","3"
"CTG_R0105","4"
"DHK_X0086","1"
"DHK_R4204","3"
"DHK_G5099","8"
"DHK_G5253","2"
"DHK_R2895","3"
"DHK_G5562","8"
"DHK_G4620","3"
"DHK_R5545","3"
"DHK_G4601","3"
"DHK_R2932","4"
"DHK_G2948","12"
"DHK_X1870","3"
"DHK_X3738","1"
"DHK_R5614","1"
"DHK_X1696","1"
"DHK_X1954","1"
"DHK_X6651","2"
"DHK_W5210","2"
"DHK_R2891","1"
"DHK_G4398","18"
"DHK_X2786","1"
"DHK_G5226","3"
"DHK_W1138","2"
"DHK_X5222","1"
"DHK_X0236","8"
"DHK_X1665","1"
"DHK_X5621","2"
"DHK_G5100","2"
"DHK_R3520","1"
"DHK_X5193","1"
"DHK_R3242","6"
"DHK_X1997","1"
"DHK_X4009","2"
"KHU_W1578","9"
"RAJ_R1249","14"
"RAJ_G1008","1"
"RAJ_X0521","1"
"RAJ_G1017","3"
"RAJ_X0562","2"
"RAJ_G1486","7"
"RAJ_X1350","1"
"RAJ_G1116","6"
"RAJ_X0393","1"
"SYL_X0082","1"
"SYL_X0543","1"
"SYL_X0244","1"
"SYL_W0143","3"
"SYL_G0455","2"
"CTG_R1811","3"
"CTG_X0077","1"
"CTG_X0811","1"
"CTG_X0632","1"
"CTG_X1170","5"
"CTG_G1225","1"
"CTG_G1234","1"
"CTG_X0264","3"
"CTG_X0635","4"
"DHK_X0338","2"
"DHK_X1647","1"
"DHK_X2682","1"
"DHK_G2610","1"
"DHK_X4346","2"
"DHK_G5115","2"
"DHK_X4425","1"
"DHK_G5212","1"
"DHK_X0609","1"
"DHK_G5539","1"
"DHK_X0493","1"
"DHK_X5542","1"
"DHK_X4149","1"
"DHK_W5215","1"
"DHK_X0362","4"
"DHK_X2713","2"
"RAJ_X1341","2"
"RAJ_X1198","1"
"SYL_X0562","2"
"SYL_G0369","12"
"SYL_G0299","2"
"SYL_X0092","2"
"SYL_G0441","2"
"DHK_X5127","1"
"DHK_X0497","1"
"DHK_R6426","1"
"DHK_G3623","10"
"DHK_X3551","1"
"DHK_X0141","1"
"DHK_X3303","1"
"DHK_X3224","9"
"DHK_X3719","9"
"KHU_X0802","2"
"RAJ_X1499","2"
"DHK_X4777","1"
"DHK_X2130","1"
"DHK_X0475","2"
"DHK_X5570","4"
"DHK_X0908","1"
"DHK_G4845","2"
"DHK_G2894","8"
"DHK_R5119","2"
"KHU_X0425","1"
"KHU_R1776","3"
"KHU_G1224","3"
"KHU_X1105","2"
"RAJ_G1142","1"
"RAJ_G1137","1"
"RAJ_X0130","1"
"RAJ_X0466","1"
"RAJ_X0234","1"
"RAJ_G1616","1"
"SYL_G0415","77"
"CTG_R1775","3"
"CTG_R1888","34"
"CTG_X1095","3"
"DHK_W3521","1"
"DHK_R4561","2"
"DHK_X2922","1"
"DHK_X2728","1"
"DHK_X0580","1"
"DHK_R4960","1"
"DHK_X3510","1"
"DHK_X5182","2"
"DHK_G4393","3"
"DHK_X1719","4"
"DHK_R4690","1"
"KHU_X1113","1"
"KHU_X1168","1"
"RAJ_G1066","2"
"RAJ_R1347","1"
"RAJ_G1033","3"
"RAJ_X1509","2"
"RAJ_X0398","1"
"RAJ_X0372","1"
"RAJ_G1111","2"
"RAJ_X1323","2"
"RAJ_G1037","1"
"RAJ_X0874","3"
"RAJ_G1434","1"
"RAJ_X0508","2"
"RAJ_G0959","1"
"RAJ_G0985","2"
"RAJ_X1179","2"
"RAJ_G0912","2"
"RAJ_X1301","2"
"RAJ_X0567","2"
"RAJ_R1525","2"
"RAJ_X0292","2"
"CTG_X0070","2"
"CTG_X0690","1"
"CTG_X0468","3"
"CTG_W0686","1"
"CTG_G1119","6"
"DHK_X0281","1"
"DHK_X3239","2"
"DHK_X3802","1"
"DHK_R5191","2"
"DHK_X4115","1"
"DHK_X2676","2"
"DHK_X2578","1"
"DHK_X2623","1"
"DHK_X3536","1"
"KHU_X0837","3"
"KHU_X0643","3"
"KHU_X1204","1"
"KHU_X0417","5"
"KHU_G1047","3"
"RAJ_R1664","23"
"SYL_X0253","7"
"BAR_X0502","2"
"CTG_R0784","2"
"CTG_R1714","7"
"CTG_G1918","1"
"CTG_X1854","2"
"DHK_X0272","2"
"DHK_X3534","1"
"DHK_X1980","1"
"DHK_R5647","1"
"DHK_X5185","2"
"DHK_G3362","3"
"KHU_X0619","1"
"KHU_X0230","55"
"RAJ_G1334","1"
"RAJ_G1166","2"
"BAR_X0007","1"
"CTG_X0708","1"
"CTG_X0623","7"
"CTG_G1914","1"
"DHK_R3752","1"
"DHK_X1897","3"
"DHK_X0831","1"
"DHK_G5255","1"
"DHK_W5011","1"
"DHK_X3398","1"
"DHK_R2760","2"
"DHK_X4065","1"
"KHU_G0801","3"
"KHU_X0853","2"
"RAJ_X0256","1"
"SYL_X0530","1"
"SYL_X0035","6"
"SYL_G0494","9"
"BAR_X0395","2"
"BAR_X0384","1"
"BAR_X0264","1"
"BAR_G0489","1"
"BAR_X0150","1"
"BAR_G0185","1"
"CTG_W0345","2"
"CTG_X0482","6"
"CTG_X0619","2"
"CTG_X1367","2"
"CTG_W1879","2"
"CTG_X0243","1"
"DHK_R4542","3"
"DHK_X1045","1"
"DHK_X0698","1"
"DHK_G3755","21"
"DHK_X4612","2"
"DHK_X3342","2"
"DHK_X3856","1"
"DHK_W3835","1"
"DHK_X0477","2"
"DHK_R6058","1"
"DHK_X1792","1"
"DHK_X0458","1"
"DHK_X3381","1"
"KHU_X0871","6"
"KHU_G1325","1"
"KHU_X0900","1"
"KHU_R1171","1"
"KHU_X0687","1"
"RAJ_X0055","1"
"RAJ_X0641","1"
"RAJ_X1346","1"
"SYL_X0078","1"
"SYL_W0121","2"
"SYL_X0139","1"
"SYL_X0204","1"
"SYL_X0286","1"
"SYL_X0452","1"
"SYL_G0431","1"
"BAR_X0152","2"
"BAR_X0222","1"
"BAR_G0260","1"
"CTG_X0050","2"
"CTG_X0658","1"
"CTG_W1136","1"
"DHK_X1893","3"
"DHK_R0246","1"
"DHK_X4423","1"
"DHK_R6183","1"
"DHK_X5259","2"
"DHK_R5475","2"
"DHK_X2545","1"
"KHU_G0806","1"
"KHU_X0937","1"
"KHU_X0977","1"
"KHU_X0601","1"
"KHU_G0585","2"
"KHU_X0192","3"
"RAJ_X0061","1"
"SYL_X0616","2"
"CTG_X0764","1"
"CTG_X0874","1"
"CTG_X1625","1"
"CTG_R2067","9"
"CTG_X1324","4"
"CTG_X1920","1"
"DHK_X1040","4"
"DHK_X0095","1"
"DHK_X3847","1"
"DHK_X4280","3"
"DHK_X1078","1"
"DHK_X0099","1"
"DHK_X2065","2"
"KHU_X1084","2"
"KHU_G1297","4"
"KHU_G1580","1"
"KHU_X1067","1"
"KHU_X1054","1"
"KHU_X0012","1"
"KHU_X0406","1"
"KHU_X1004","1"
"KHU_R1543","1"
"KHU_G1408","1"
"RAJ_X1542","1"
"RAJ_X1284","1"
"BAR_X0069","1"
"CTG_R1190","5"
"CTG_X1651","1"
"CTG_R1813","1"
"CTG_R0126","1"
"DHK_X0563","1"
"DHK_X1148","1"
"DHK_X1965","1"
"DHK_G5533","10"
"DHK_X5069","1"
"DHK_X2078","2"
"DHK_X5194","1"
"DHK_R1488","1"
"DHK_X2641","2"
"DHK_X1928","1"
"DHK_X1011","5"
"KHU_X0520","2"
"KHU_X0492","1"
"KHU_X0089","2"
"RAJ_X0116","1"
"RAJ_X0764","1"
"RAJ_G1144","1"
"RAJ_X0370","1"
"RAJ_X0208","1"
"RAJ_G1056","1"
"SYL_X0516","4"
